Magna_Deus	ccd5bf1f-f83d-4e81-86aa-2aff85d5d6c5	Busdriver	f3f3d739-7598-4051-9426-1bca02608a8f	The Troglodyte Wins	1411763765
Magna_Deus	ccd5bf1f-f83d-4e81-86aa-2aff85d5d6c5	Busdriver	e640f595-ff17-4631-a16b-1c4b84f59385	Bliss Point	1411763549
Magna_Deus	ccd5bf1f-f83d-4e81-86aa-2aff85d5d6c5	Busdriver	6d82e923-48f2-44d3-89ee-1c8eb38d63b1	Retirement Ode	1411763350
Magna_Deus	2841d983-f8c3-432a-af02-7407a84580a8	Merzbow	0809c13a-fdf2-465b-94cd-10165a5e959e	Mantra 1	1411759425
Magna_Deus	eddd6562-ab2a-4a26-a53a-2141854a57df	The Bug	e8d65bb0-8391-4e0c-99b7-7451dcd6b001	Freak Freak	1411698958
Magna_Deus	eddd6562-ab2a-4a26-a53a-2141854a57df	The Bug	824d8d98-259a-472a-b0de-c0310657546d	Jah War	1411698168
Magna_Deus	eddd6562-ab2a-4a26-a53a-2141854a57df	The Bug	427a4425-c97b-4063-ad37-1dbcc4684a37	Skeng	1411697423
Magna_Deus	eddd6562-ab2a-4a26-a53a-2141854a57df	The Bug	0f23dd19-af1f-46f8-ae0f-8d6bcb8a8dcb	Angry	1411696911
Magna_Deus	eddd6562-ab2a-4a26-a53a-2141854a57df	The Bug	334656f9-f548-4261-9817-9e538bad359a	Dirty	1411696734
Magna_Deus	24aa5c20-a275-468a-93a9-b3d96b344b6c	Young Fathers	4fb95de2-f390-4682-9165-94856a8e3b0d	No Way	1411661575
Magna_Deus	24aa5c20-a275-468a-93a9-b3d96b344b6c	Young Fathers	f4e28692-3a13-4ef9-a655-f8822a4ee08a	Low	1411661156
Magna_Deus	24aa5c20-a275-468a-93a9-b3d96b344b6c	Young Fathers	e585efeb-5ab6-4773-91d9-caf00a916443	I Heard	1411660933
Magna_Deus	24aa5c20-a275-468a-93a9-b3d96b344b6c	Young Fathers	1aeefbed-70f9-4b5f-a64c-fd84ef91233e	Get Up	1411660702
Magna_Deus	f22942a1-6f70-4f48-866e-238cb2308fbd	Aphex Twin	6e2ca4ec-eda1-4ce4-8d65-1d9366ba8079	Windowlicker	1411656721
Magna_Deus	f22942a1-6f70-4f48-866e-238cb2308fbd	Aphex Twin	293ea1b0-9ce4-44af-a46e-ad699975ba74	Jynweythek	1411656577
Magna_Deus	f22942a1-6f70-4f48-866e-238cb2308fbd	Aphex Twin	de17ff7b-f022-4c32-8853-e17f971e99bf	Vordhosbn	1411656264
Magna_Deus	f22942a1-6f70-4f48-866e-238cb2308fbd	Aphex Twin	213757f0-41cd-4daa-bc6a-4d990fa5d5ab	Tha	1411655716
Magna_Deus	f22942a1-6f70-4f48-866e-238cb2308fbd	Aphex Twin	a28c3364-008d-4563-8f17-425ce60719ac	Flim	1411655508
Magna_Deus	f22942a1-6f70-4f48-866e-238cb2308fbd	Aphex Twin	72c2c9c9-389e-46bf-8cc9-a05b64345dff	Xtal	1411655214
Magna_Deus	f22942a1-6f70-4f48-866e-238cb2308fbd	Aphex Twin	6e2ca4ec-eda1-4ce4-8d65-1d9366ba8079	Windowlicker	1411654319
Magna_Deus	f22942a1-6f70-4f48-866e-238cb2308fbd	Aphex Twin	39048851-f6f7-4b0f-83e0-b6456d8ae9fd	Avril 14th	1411653889
Magna_Deus	24aa5c20-a275-468a-93a9-b3d96b344b6c	Young Fathers	e585efeb-5ab6-4773-91d9-caf00a916443	I Heard	1411594014
Magna_Deus	8ba48525-d922-42ee-9775-97b7b8f9712e	Thurston Moore	762a7337-8484-430e-9012-2095460e6bd7	The Best Day	1411414981
Magna_Deus	3514578c-402a-4825-bd97-a525f31004e6	Temples	b1e77e51-c3f8-4100-891b-02b98725deaa	Shelter Song	1411414639
Magna_Deus	24aa5c20-a275-468a-93a9-b3d96b344b6c	Young Fathers	48c7ab48-f601-4d77-b81a-aa6dfbb0ef36	Queen Is Dead	1411316606
Magna_Deus	24aa5c20-a275-468a-93a9-b3d96b344b6c	Young Fathers	fcd291dd-4ba9-4015-8f9f-7907993e3392	Only Child	1411316484
Magna_Deus	24aa5c20-a275-468a-93a9-b3d96b344b6c	Young Fathers	bb3d9f9e-7642-4bc5-a551-4a533d072051	Come to Life	1411316319
Magna_Deus	24aa5c20-a275-468a-93a9-b3d96b344b6c	Young Fathers	e585efeb-5ab6-4773-91d9-caf00a916443	I Heard	1411316096
Magna_Deus	24aa5c20-a275-468a-93a9-b3d96b344b6c	Young Fathers	c1beb409-e011-4618-83a8-956e32baa89d	Paying	1410993943
Magna_Deus	24aa5c20-a275-468a-93a9-b3d96b344b6c	Young Fathers	ec27a31c-548c-4d75-8f35-f3748818be25	Dip	1410993761
Magna_Deus	24aa5c20-a275-468a-93a9-b3d96b344b6c	Young Fathers	1aeefbed-70f9-4b5f-a64c-fd84ef91233e	Get Up	1410993498
Magna_Deus	24aa5c20-a275-468a-93a9-b3d96b344b6c	Young Fathers	11538124-3440-408d-8a5d-a7b4cd7f2cc4	War	1410993327
Magna_Deus	24aa5c20-a275-468a-93a9-b3d96b344b6c	Young Fathers	0c9fa2dd-9eab-4b84-9b7a-e5708c7a2b53	Just Another Bullet	1410993170
Magna_Deus	24aa5c20-a275-468a-93a9-b3d96b344b6c	Young Fathers	f4e28692-3a13-4ef9-a655-f8822a4ee08a	Low	1410992979
Magna_Deus	24aa5c20-a275-468a-93a9-b3d96b344b6c	Young Fathers	4fb95de2-f390-4682-9165-94856a8e3b0d	No Way	1410992810
Magna_Deus	24aa5c20-a275-468a-93a9-b3d96b344b6c	Young Fathers	bb3d9f9e-7642-4bc5-a551-4a533d072051	Come to Life	1410992687
Magna_Deus	24aa5c20-a275-468a-93a9-b3d96b344b6c	Young Fathers	e585efeb-5ab6-4773-91d9-caf00a916443	I Heard	1410992434
Magna_Deus	84ca8fa4-7cca-4948-a90a-cb44db29853d	clipping.	bd09a7d6-2f14-4df3-9f77-60da14d2e2aa	Taking Off	1410910636
Magna_Deus	84ca8fa4-7cca-4948-a90a-cb44db29853d	clipping. feat. King T	f11acc6c-40ea-4777-b717-880a1bc58017	Summertime	1410910394
Magna_Deus	84ca8fa4-7cca-4948-a90a-cb44db29853d	clipping.	f3a976e3-afb9-4404-bf94-c1e3d35f5066	Body & Blood	1410909805
Magna_Deus	0c2393aa-7fe3-4314-81de-b91baf4982c6	Ghostpoet	0665c218-ead5-49be-8141-319b8b8c484b	Cash and Carry Me Home	1410909571
Magna_Deus	0c2393aa-7fe3-4314-81de-b91baf4982c6	Ghostpoet	446078e7-a58b-4616-99c0-41726c43fa8d	Survive It	1410909278
Magna_Deus	24aa5c20-a275-468a-93a9-b3d96b344b6c	Young Fathers	e585efeb-5ab6-4773-91d9-caf00a916443	I Heard	1410908903
Magna_Deus	6462c4f6-6f69-4636-a835-02eebe81c90f	Shabazz Palaces	d8b7ce42-a91a-4b57-92ed-457815332eec	Harem Aria	1410908584
Magna_Deus	6462c4f6-6f69-4636-a835-02eebe81c90f	Shabazz Palaces	401f3621-bfaf-4927-a8b1-350ea55d766e	Solemn Swears	1410908491
Magna_Deus	6462c4f6-6f69-4636-a835-02eebe81c90f	Shabazz Palaces	e8d4de52-2a7f-42b4-887e-ca1e0708e62e	They Come in Gold	1410908257
Magna_Deus	6462c4f6-6f69-4636-a835-02eebe81c90f	Shabazz Palaces	3393953c-fbc0-4d82-82c3-1387f974596f	Forerunner Foray	1410908028
Magna_Deus	6462c4f6-6f69-4636-a835-02eebe81c90f	Shabazz Palaces	7325f1d5-b337-4688-85df-18af870b9356	Dawn in Luxor	1410907794
Magna_Deus	eddd6562-ab2a-4a26-a53a-2141854a57df	The Bug	47ece231-3d4f-4cf3-8412-0311f67f7adc	Ascension	1410871052
curseyoursoul	45be8e20-3c3c-4e78-98f0-b5bdecf2f703	Sparklehorse	8f830c47-5cb1-435b-8983-d4db5fc7825d	Shade and Honey	1477090956
curseyoursoul	45be8e20-3c3c-4e78-98f0-b5bdecf2f703	Sparklehorse	ea99e8c6-f91c-4b64-9225-38a5d844c1b9	Apple Bed	1477090662
curseyoursoul	45be8e20-3c3c-4e78-98f0-b5bdecf2f703	Sparklehorse	cb582b0b-7367-405b-b24a-912ea69be4d5	Pig	1477090267
curseyoursoul	45be8e20-3c3c-4e78-98f0-b5bdecf2f703	Sparklehorse	ba1356e9-1b1d-4e9c-8bb7-74faf3f65d4d	Gold Day	1477089723
curseyoursoul	45be8e20-3c3c-4e78-98f0-b5bdecf2f703	Sparklehorse	7e64ebb1-3812-4a11-be93-4be7563fc2c0	Wish You Were Here	1477089305
curseyoursoul	45be8e20-3c3c-4e78-98f0-b5bdecf2f703	Sparklehorse	3a2c83d8-53b7-46f9-88bf-b681b97b0a5e	Piano Fire	1477089142
curseyoursoul	ae8e50f7-acd1-424b-8295-2c036b30d809	Darondo	4990d6a9-84fb-4cce-a2d9-18f0e2ae16b3	Didn't I	1477088718
curseyoursoul	1305bd7e-27ef-4236-ae87-0a7d435234ca	Songs: Ohia	f737cf7a-ce91-4877-adae-b78e9c2be570	Farewell Transmission	1477088277
curseyoursoul	3ab3f4d5-0282-460d-85b6-cf68a471af09	Part Time	24e7a581-c024-43d3-8aa6-8fe3f64c59b1	I Want To Go	1477087853
curseyoursoul	3ab3f4d5-0282-460d-85b6-cf68a471af09	Part Time	f4540ab1-f153-47c1-a9e4-cf2555ffda81	I Wanna Take You Out	1477087630
curseyoursoul	6c8b9855-ba8b-48f9-ac1d-42167f7f7b18	The Shins	c47c0641-3658-4f9b-80f8-50fdfbfe3b56	Phantom Limb	1477087417
curseyoursoul	6c8b9855-ba8b-48f9-ac1d-42167f7f7b18	The Shins	8cbebe83-17ba-43d6-ae3c-32d4e87345fc	Caring Is Creepy	1477087218
curseyoursoul	6c8b9855-ba8b-48f9-ac1d-42167f7f7b18	The Shins	e00edbe8-622a-4295-8a0d-3bbcc1edb0bc	New Slang	1477086916
curseyoursoul	ce58d854-7430-4231-aa44-97f0144b3372	Sarah McLachlan	bef0d12a-799a-44a2-a410-761c0335a2ff	Possession	1477071180
curseyoursoul	e5e41532-4113-4051-b8bf-0e3ea2738054	Soft Powers	ac8dea4e-2924-45f5-b10e-412a346cd37b	just like tropica-L	1477068841
curseyoursoul	3ab3f4d5-0282-460d-85b6-cf68a471af09	Part Time	469bc6ee-56f9-4b9c-8770-588fc9137a98	Living in Pretend (My Girl Imagination)	1477068366
curseyoursoul	3ab3f4d5-0282-460d-85b6-cf68a471af09	Part Time	96074296-4f84-4313-8e65-f19ccdd2ce70	19	1477067967
curseyoursoul	3ab3f4d5-0282-460d-85b6-cf68a471af09	Part Time	24e7a581-c024-43d3-8aa6-8fe3f64c59b1	I Want To Go	1477067760
curseyoursoul	3ab3f4d5-0282-460d-85b6-cf68a471af09	Part Time	f4540ab1-f153-47c1-a9e4-cf2555ffda81	I Wanna Take You Out	1477067537
curseyoursoul	3ab3f4d5-0282-460d-85b6-cf68a471af09	Part Time	96074296-4f84-4313-8e65-f19ccdd2ce70	19	1477067212
curseyoursoul	07a17571-81fc-4cf8-a634-98f0d926d313	Ty Segall	ce8dc136-7a5f-43d3-b2db-7c328c8f59f7	Son of Sam	1477067121
curseyoursoul	07a17571-81fc-4cf8-a634-98f0d926d313	Ty Segall	e5fede0e-961f-4f5a-8708-cd5d0d821ebe	Sweets	1477067016
curseyoursoul	07a17571-81fc-4cf8-a634-98f0d926d313	Ty Segall	d764bb7f-b973-4a37-be92-408b7064c8bc	It	1477066900
curseyoursoul	07a17571-81fc-4cf8-a634-98f0d926d313	Ty Segall	71aacfba-1578-430b-9cad-e393af1578b3	Where We Go	1477066806
curseyoursoul	07a17571-81fc-4cf8-a634-98f0d926d313	Ty Segall	57678dce-ae1d-4a4b-bafb-f2f2c43c10d8	The Motivator	1477066593
curseyoursoul	07a17571-81fc-4cf8-a634-98f0d926d313	Ty Segall	df9e20ed-567b-4e20-a4d0-16a23ed7bffe	Elemental Child	1477066045
curseyoursoul	07a17571-81fc-4cf8-a634-98f0d926d313	Ty Segall	ba364d32-b7b0-457e-80f1-6a73f1338b3d	Salamanda Palaganda	1477065856
curseyoursoul	07a17571-81fc-4cf8-a634-98f0d926d313	Ty Segall	d13a41ae-b536-400f-a938-cb3b6f61a705	Woodland Rock	1477063695
curseyoursoul	07a17571-81fc-4cf8-a634-98f0d926d313	Ty Segall	44c738c4-3ae8-4dbd-bc40-dc21c03cfdc3	The Slider	1477063493
curseyoursoul	07a17571-81fc-4cf8-a634-98f0d926d313	Ty Segall	c9220888-3c1b-440a-9155-2854de9b0ac1	Buick Mackane	1477063328
curseyoursoul	07a17571-81fc-4cf8-a634-98f0d926d313	Ty Segall	8e106d9d-b257-4b86-a7c3-c8dd5a5865ab	Fist Heart Mighty Dawn Dart	1477063133
curseyoursoul	07a17571-81fc-4cf8-a634-98f0d926d313	Ty Segall	cc85c1d9-4fca-4dfc-b8da-f56128b89ca5	Finger	1477062951
curseyoursoul	6aa55ee1-4c46-4f7c-9a6d-5051dfe2c06d	Rogue Wave	20dc4019-f9a1-455f-89cc-b49b4d278c4f	Endless Shovel	1477062546
curseyoursoul	0039c7ae-e1a7-4a7d-9b49-0cbc716821a6	Death Cab for Cutie	276ccc59-119f-4e61-90e8-be32ab4f79fa	Crooked Teeth	1477062342
curseyoursoul	b6b2bb8d-54a9-491f-9607-7b546023b433	Pixies	f1c85e63-1318-46fc-b3b1-e85f40c1cb49	Bone Machine	1477062156
curseyoursoul	3ff72a59-f39d-411d-9f93-2d4a86413013	The Magnetic Fields	553855ba-199a-4470-a76d-ee516614e28c	All My Little Words	1477061989
curseyoursoul	4c730f5d-a27c-49fc-b505-23c2c61a6840	Tilly and the Wall	e7c6b057-a10b-488b-94a7-6588c4d31557	Fell Down The Stairs	1477061491
curseyoursoul	52074ba6-e495-4ef3-9bb4-0703888a9f68	Arcade Fire	15f0dafc-50ab-4df3-aa4c-bfd02e5a14bc	Intervention	1477061167
curseyoursoul	b6b2bb8d-54a9-491f-9607-7b546023b433	Pixies	145d54ff-2475-4980-8c0c-0ee4f37966bf	Gigantic	1477007829
curseyoursoul	d13f0f47-36f9-4661-87fe-2de56f45c649	Tegan and Sara	536ea771-cc0e-492a-b80b-c922c658e837	Walking With a Ghost	1477007679
curseyoursoul	f53888c9-8bdc-4cc3-b2ab-ddab6bc5afb7	The Kinks	a7b10472-2ab6-428e-8810-3e9218633031	This Time Tomorrow	1477007527
curseyoursoul	d13f0f47-36f9-4661-87fe-2de56f45c649	Tegan and Sara	2a155a4e-266b-4d12-b389-1ec1eb944462	Nineteen	1477007352
curseyoursoul	6aa55ee1-4c46-4f7c-9a6d-5051dfe2c06d	Rogue Wave	2553c7da-b5c1-4300-9516-10a2d7656a1c	Sewn Up	1477004666
curseyoursoul	f1fa0780-a922-4f0f-b43e-30331b520238	Brotha Lynch Hung	5fe37571-f245-4e3d-9929-528b3af6d9f4	Rest In Piss	1477004384
curseyoursoul	ce1651b6-b98d-44cc-8ff1-a88a7b5ef92d	The Faint	184d0a8c-26ed-456d-8e5d-9fa397ec0fbe	I Disappear	1477003860
curseyoursoul	b9a2a9a6-7a40-48a6-bcb1-8eff5b89ad5b	Nada Surf	62cb598e-95bb-41ea-8ba7-eb389aa9b7c0	See These Bones	1477003551
curseyoursoul	6aa55ee1-4c46-4f7c-9a6d-5051dfe2c06d	Rogue Wave	c1867eef-a233-457c-a083-e5133a23a29d	Every Moment	1477003298
curseyoursoul	6aa55ee1-4c46-4f7c-9a6d-5051dfe2c06d	Rogue Wave	d0d8d444-c589-43d9-8e8c-bd384d94d20f	10:1	1477003157
curseyoursoul	6aa55ee1-4c46-4f7c-9a6d-5051dfe2c06d	Rogue Wave	5d06bf8b-4259-4129-9f4b-77450b51d70b	Kicking the Heart Out	1477002706
curseyoursoul	6aa55ee1-4c46-4f7c-9a6d-5051dfe2c06d	Rogue Wave	d2789a57-9a9b-423e-83f1-00d0ea79db1f	Eyes	1477002558
curseyoursoul	b91f0973-002e-4237-a39f-c7e02e786e53	Architecture in Helsinki	cb917e14-b15d-4e77-9255-4c63482a6626	Heart It Races	1477001866
curseyoursoul	f2355c92-3970-4202-a976-60b6a5a155fa	The Snake The Cross The Crown	937f405c-832b-470e-8b7f-d4fe7828e571	The Sun Tells the Moon	1477001099
curseyoursoul	eff57984-2ccd-4c8e-a25d-55051ab16dd7	Blouse	7e0ac19a-9449-4eb2-9359-7d7d790a1c08	Roses	1476985674
curseyoursoul	eff57984-2ccd-4c8e-a25d-55051ab16dd7	Blouse	42cd897c-fe1b-49fa-aefa-9680021be7e6	Videotapes	1476985494
curseyoursoul	eff57984-2ccd-4c8e-a25d-55051ab16dd7	Blouse	e13d3d4f-3c1b-4c08-bf75-5240c957b23b	Ghost Dream	1476985246
curseyoursoul	eff57984-2ccd-4c8e-a25d-55051ab16dd7	Blouse	b1d60d7e-b1c2-40ae-b7c4-ccbb328b6933	Imperium	1476984991
curseyoursoul	eff57984-2ccd-4c8e-a25d-55051ab16dd7	Blouse	79d0d00f-a2c5-48f0-94c5-98453b24b0b7	They Always Fly Away	1476984719
curseyoursoul	eff57984-2ccd-4c8e-a25d-55051ab16dd7	Blouse	9232068b-275f-4a73-b996-e40b3693b009	Time Travel	1476984478
Joelmellor	4081ce68-316d-4104-bece-5ed7e9f11296	Dom Kennedy	8ad92d8c-090e-4cf6-be2a-a6cbb85640c4	CHOOSE UP	1402263547
Joelmellor	4081ce68-316d-4104-bece-5ed7e9f11296	Dom Kennedy	4e346313-2ce4-468c-8f58-771c28d71043	Home Alone	1402263356
Joelmellor	4081ce68-316d-4104-bece-5ed7e9f11296	Dom Kennedy	58158492-2ebd-4e4f-9fea-bc8465d2ec60	1997	1402263159
Joelmellor	4081ce68-316d-4104-bece-5ed7e9f11296	Dom Kennedy	75cb5158-08c7-44b8-977f-5480ae0ff0b8	Still Me	1402262982
Joelmellor	4081ce68-316d-4104-bece-5ed7e9f11296	Dom Kennedy	9afaf9b0-1042-454e-a7b0-c4550c7e612e	In Memory Of	1402243843
Joelmellor	381086ea-f511-4aba-bdf9-71c753dc5077	Kendrick Lamar	cdffc58c-5b84-4d70-bf52-5179919d55b1	Fuck Your Ethnicity	1402232973
Joelmellor	381086ea-f511-4aba-bdf9-71c753dc5077	Kendrick Lamar	5fb18e9d-fb24-4d96-8410-032d3fc89568	A.D.H.D	1402155579
Joelmellor	381086ea-f511-4aba-bdf9-71c753dc5077	Kendrick Lamar	e93ffc87-5306-4975-8d7a-298914cb96b9	Hol' Up	1402155406
Joelmellor	381086ea-f511-4aba-bdf9-71c753dc5077	Kendrick Lamar	cdffc58c-5b84-4d70-bf52-5179919d55b1	Fuck Your Ethnicity	1402155181
Joelmellor	a436dd02-0549-4c91-b608-df451217fdeb	Parkway Drive	c31804d2-5bec-4b7d-961a-e2e172db4b95	Horizons	1393185394
Joelmellor	18fcb09c-90b5-4fb3-b989-8f754f7413af	Fang Island	c5a5bfa9-2dc1-4854-8e26-4678b7272335	Sideswiper	1393184971
Joelmellor	18fcb09c-90b5-4fb3-b989-8f754f7413af	Fang Island	f9f8d314-4a3b-4eff-a80e-593b2fd3fe60	Daisy	1393184710
Joelmellor	18fcb09c-90b5-4fb3-b989-8f754f7413af	Fang Island	20e9dc39-403c-4e1a-94f4-cf2fae15a078	Careful Crossers	1393184520
Joelmellor	18fcb09c-90b5-4fb3-b989-8f754f7413af	Fang Island	2afbf6e0-80aa-423a-9bbb-015ebffa8e3a	Dreams Of Dreams	1393184349
Joelmellor	e9fe34d9-5eb6-4599-ba57-421c4fcd2b90	Hot Club de Paris	fb066fb6-1ee9-4f21-9644-d9af7c4a22dc	Shipwreck	1393184074
Joelmellor	7bd92ac9-6b2e-4e88-812a-60499ec60a9d	I Am Kloot	a202742b-73f8-49de-b62e-a09c85022960	Hold Back the Night	1393183888
Joelmellor	7bd92ac9-6b2e-4e88-812a-60499ec60a9d	I Am Kloot	181dbf49-67fb-486f-8678-7701304fb19f	Let Them All In	1393183609
Joelmellor	7bd92ac9-6b2e-4e88-812a-60499ec60a9d	I Am Kloot	b64664ef-124e-4b51-a85e-c9abc76be2e9	Bullets	1393183365
Joelmellor	8dc08b1f-e393-4f85-a5dd-300f7693a8b8	James Blake	91c1591c-640e-4f87-958e-c6a7df0b89eb	Every Day I Ran	1392504593
Joelmellor	8dc08b1f-e393-4f85-a5dd-300f7693a8b8	James Blake	ceeb6dc6-4dd1-48aa-9824-76093c16c097	Our Love Comes Back	1392504389
Joelmellor	8dc08b1f-e393-4f85-a5dd-300f7693a8b8	James Blake	653f1d84-9392-4755-b059-b44f7c974748	To the Last	1392504170
Joelmellor	8dc08b1f-e393-4f85-a5dd-300f7693a8b8	James Blake	3700a53d-2d81-4a5d-97fe-d439518deff7	Voyeur	1392503910
Joelmellor	8dc08b1f-e393-4f85-a5dd-300f7693a8b8	James Blake	33e3f809-63b3-43a9-b425-cba82111a10e	Digital Lion	1392503653
Joelmellor	8dc08b1f-e393-4f85-a5dd-300f7693a8b8	James Blake	32879846-8b5e-4a14-bd6f-e466587bf34f	DLM	1392503367
Joelmellor	8dc08b1f-e393-4f85-a5dd-300f7693a8b8	James Blake	32879846-8b5e-4a14-bd6f-e466587bf34f	DLM	1392503366
Joelmellor	8dc08b1f-e393-4f85-a5dd-300f7693a8b8	James Blake	b1d5378e-be82-4f61-afd2-028e50c1d2f9	Retrograde	1392503220
Joelmellor	8dc08b1f-e393-4f85-a5dd-300f7693a8b8	James Blake	f61a2d72-d4fd-4305-9ab5-3060737bfe18	Life Round Here	1392502782
Joelmellor	8dc08b1f-e393-4f85-a5dd-300f7693a8b8	James Blake	65af6bac-56af-4744-aa8a-8f7a8605b2c1	I Am Sold	1392502565
Joelmellor	8dc08b1f-e393-4f85-a5dd-300f7693a8b8	James Blake	41b75f86-43a2-48ff-9557-20b7b2d397ce	Overgrown	1392502321
Joelmellor	eff0756d-fe7e-4b08-84af-0cf1123f2f70	Dinosaur Feathers	91884f89-2b4b-4f72-bee0-bd0b639ec3a3	Fantasy Memorial	1391960552
Joelmellor	eff0756d-fe7e-4b08-84af-0cf1123f2f70	Dinosaur Feathers	4f6f0fa3-d2a0-42ed-a7fa-6ae32112152f	Know Your Own Strength	1391960285
Joelmellor	eff0756d-fe7e-4b08-84af-0cf1123f2f70	Dinosaur Feathers	bd922bf9-b3ce-4f36-bb9b-a8991fe81eac	Holy Moses	1391959998
Joelmellor	eff0756d-fe7e-4b08-84af-0cf1123f2f70	Dinosaur Feathers	a179999c-7936-438b-9a46-6bc9320f837e	Crossing the Cannon	1391959746
Joelmellor	eff0756d-fe7e-4b08-84af-0cf1123f2f70	Dinosaur Feathers	b8e424ab-0c0f-44b1-9c03-3d6c57bcd512	History Lessons	1391959451
Joelmellor	eff0756d-fe7e-4b08-84af-0cf1123f2f70	Dinosaur Feathers	3f49f5e6-fbda-49ae-a2f7-06c1ea39e315	Sleeping In	1391959188
Joelmellor	eff0756d-fe7e-4b08-84af-0cf1123f2f70	Dinosaur Feathers	d3bff8b9-d60d-4420-a9be-72f378b0f9be	Family Waves	1391958825
Joelmellor	eff0756d-fe7e-4b08-84af-0cf1123f2f70	Dinosaur Feathers	acc8149d-b46d-4d46-9d18-86e7769a9db8	Teenage Whore	1391958571
Joelmellor	1a99cc88-aea3-4fe3-96b9-20791667f65f	Dizzee Rascal	0061a18c-8b51-4b8e-8919-a99cbbc8a875	Dream	1391958303
Joelmellor	1a99cc88-aea3-4fe3-96b9-20791667f65f	Dizzee Rascal	56a199ff-3922-4237-9f47-b6ed4a715b64	Stand Up Tall	1391958066
Joelmellor	1a99cc88-aea3-4fe3-96b9-20791667f65f	Dizzee Rascal	fe86bb17-45e9-4c00-9bcd-3c168d52fc93	Wot U On	1391957844
Joelmellor	1a99cc88-aea3-4fe3-96b9-20791667f65f	Dizzee Rascal	02ae2eaf-19f8-4d55-8763-c1966d9ca599	Jus' a Rascal	1391957554
Joelmellor	66c662b6-6e2f-4930-8610-912e24c63ed1	AC/DC	7d36812d-087e-4144-a9c8-52750d5007ee	You Shook Me All Night Long	1387888341
Joelmellor	ada7a83c-e3e1-40f1-93f9-3e73dbc9298a	Arctic Monkeys	adadc047-e040-45d5-b020-0603db0d69dc	Snap Out of It	1387888032
Joelmellor	ada7a83c-e3e1-40f1-93f9-3e73dbc9298a	Arctic Monkeys	a1ff202f-f271-4646-9aac-ba7c98e3a50c	I Wanna Be Yours	1384874136
Joelmellor	ada7a83c-e3e1-40f1-93f9-3e73dbc9298a	Arctic Monkeys	a1ff202f-f271-4646-9aac-ba7c98e3a50c	I Wanna Be Yours	1384874135
Joelmellor	ada7a83c-e3e1-40f1-93f9-3e73dbc9298a	Arctic Monkeys	a1ff202f-f271-4646-9aac-ba7c98e3a50c	I Wanna Be Yours	1384874134
Joelmellor	ada7a83c-e3e1-40f1-93f9-3e73dbc9298a	Arctic Monkeys	e756875e-cc4f-4744-a7b8-c68ee96978fb	Knee Socks	1384873956
Joelmellor	ada7a83c-e3e1-40f1-93f9-3e73dbc9298a	Arctic Monkeys	e756875e-cc4f-4744-a7b8-c68ee96978fb	Knee Socks	1384873955
Joelmellor	ada7a83c-e3e1-40f1-93f9-3e73dbc9298a	Arctic Monkeys	e756875e-cc4f-4744-a7b8-c68ee96978fb	Knee Socks	1384873954
Joelmellor	ada7a83c-e3e1-40f1-93f9-3e73dbc9298a	Arctic Monkeys	e756875e-cc4f-4744-a7b8-c68ee96978fb	Knee Socks	1384873953
Joelmellor	ada7a83c-e3e1-40f1-93f9-3e73dbc9298a	Arctic Monkeys	e756875e-cc4f-4744-a7b8-c68ee96978fb	Knee Socks	1384873952
Joelmellor	ada7a83c-e3e1-40f1-93f9-3e73dbc9298a	Arctic Monkeys	e756875e-cc4f-4744-a7b8-c68ee96978fb	Knee Socks	1384873951
Joelmellor	ada7a83c-e3e1-40f1-93f9-3e73dbc9298a	Arctic Monkeys	e756875e-cc4f-4744-a7b8-c68ee96978fb	Knee Socks	1384873950
Joelmellor	ada7a83c-e3e1-40f1-93f9-3e73dbc9298a	Arctic Monkeys	adadc047-e040-45d5-b020-0603db0d69dc	Snap Out of It	1384873704
Joelmellor	ada7a83c-e3e1-40f1-93f9-3e73dbc9298a	Arctic Monkeys	adadc047-e040-45d5-b020-0603db0d69dc	Snap Out of It	1384873703
Joelmellor	ada7a83c-e3e1-40f1-93f9-3e73dbc9298a	Arctic Monkeys	adadc047-e040-45d5-b020-0603db0d69dc	Snap Out of It	1384873702
Joelmellor	ada7a83c-e3e1-40f1-93f9-3e73dbc9298a	Arctic Monkeys	adadc047-e040-45d5-b020-0603db0d69dc	Snap Out of It	1384873701
Joelmellor	ada7a83c-e3e1-40f1-93f9-3e73dbc9298a	Arctic Monkeys	adadc047-e040-45d5-b020-0603db0d69dc	Snap Out of It	1384873700
Joelmellor	ada7a83c-e3e1-40f1-93f9-3e73dbc9298a	Arctic Monkeys	adadc047-e040-45d5-b020-0603db0d69dc	Snap Out of It	1384873699
Joelmellor	ada7a83c-e3e1-40f1-93f9-3e73dbc9298a	Arctic Monkeys	adadc047-e040-45d5-b020-0603db0d69dc	Snap Out of It	1384873698
Joelmellor	ada7a83c-e3e1-40f1-93f9-3e73dbc9298a	Arctic Monkeys	adadc047-e040-45d5-b020-0603db0d69dc	Snap Out of It	1384873697
Joelmellor	ada7a83c-e3e1-40f1-93f9-3e73dbc9298a	Arctic Monkeys	adadc047-e040-45d5-b020-0603db0d69dc	Snap Out of It	1384873696
Joelmellor	ada7a83c-e3e1-40f1-93f9-3e73dbc9298a	Arctic Monkeys	adadc047-e040-45d5-b020-0603db0d69dc	Snap Out of It	1384873695
Joelmellor	ada7a83c-e3e1-40f1-93f9-3e73dbc9298a	Arctic Monkeys	adadc047-e040-45d5-b020-0603db0d69dc	Snap Out of It	1384873694
Joelmellor	ada7a83c-e3e1-40f1-93f9-3e73dbc9298a	Arctic Monkeys	adadc047-e040-45d5-b020-0603db0d69dc	Snap Out of It	1384873693
Joelmellor	ada7a83c-e3e1-40f1-93f9-3e73dbc9298a	Arctic Monkeys	4c986184-424a-44bb-ad23-b6261f3d044f	Why'd You Only Call Me When You're High?	1384873501
Joelmellor	ada7a83c-e3e1-40f1-93f9-3e73dbc9298a	Arctic Monkeys	4c986184-424a-44bb-ad23-b6261f3d044f	Why'd You Only Call Me When You're High?	1384873500
Joelmellor	ada7a83c-e3e1-40f1-93f9-3e73dbc9298a	Arctic Monkeys	8b748c98-ce3d-4f18-8ead-5d3310bda6ef	Fireside	1384873343
Joelmellor	ada7a83c-e3e1-40f1-93f9-3e73dbc9298a	Arctic Monkeys	8b748c98-ce3d-4f18-8ead-5d3310bda6ef	Fireside	1384873342
Joelmellor	ada7a83c-e3e1-40f1-93f9-3e73dbc9298a	Arctic Monkeys	8b748c98-ce3d-4f18-8ead-5d3310bda6ef	Fireside	1384873341
Joelmellor	ada7a83c-e3e1-40f1-93f9-3e73dbc9298a	Arctic Monkeys	8b748c98-ce3d-4f18-8ead-5d3310bda6ef	Fireside	1384873340
Joelmellor	ada7a83c-e3e1-40f1-93f9-3e73dbc9298a	Arctic Monkeys	8b748c98-ce3d-4f18-8ead-5d3310bda6ef	Fireside	1384873339
Joelmellor	ada7a83c-e3e1-40f1-93f9-3e73dbc9298a	Arctic Monkeys	eaa22014-18b8-4de2-8383-f69ee50c6a2f	Mad Sounds	1384873163
mazaroony10	64d62f45-e001-40a1-a055-c3545fcc14de	Idlewild	a693f9cf-cdab-48e9-81ad-b1a9f46637ce	A Modern Way Of Letting Go	1476692160
mazaroony10	199d0ab3-22c0-4c00-b99d-257f591dda1f	Funeral for a Friend	95367bb3-925c-4228-9562-74f0c8a2519c	Escape Artists Never Die	1476691847
mazaroony10	dac7fe9e-9d77-4bf9-bf9a-22bf3bbb27a2	Heart of a Coward	6d7ddaa1-b970-4496-a00d-2d2ad3cc27d6	Distance	1476553037
mazaroony10	a436dd02-0549-4c91-b608-df451217fdeb	Parkway Drive	1412a69f-c5af-42cf-b6c9-609119ca5ae2	Mutiny	1476381054
mazaroony10	6dd9b71e-2e2f-4a66-bfce-5e820589b390	After the Burial	d08562ce-fb75-4656-b665-49d11f094c67	A Wolf Amongst Ravens	1476380729
mazaroony10	03759996-685b-4713-a35b-d54dbd3e7e4d	Uneven Structure	57301eec-848b-4a5d-bec0-87735e3debf0	Plenitude	1476210174
mazaroony10	03759996-685b-4713-a35b-d54dbd3e7e4d	Uneven Structure	eed57dde-9454-47aa-aa71-ef93d24faf8b	Frost	1476209893
mazaroony10	298909e4-ebcb-47b8-95e9-cc53b087fc65	Lamb of God	63153c20-6eb4-44f7-93d5-a478acc02955	Omerta	1476209598
mazaroony10	329f95db-f02e-40bf-a5f7-0dea11529ce3	Enter Shikari	1eead1a4-f032-4ba7-a259-211ab238c1f9	Sssnakepit (Serial Killaz Remix)	1476088335
mazaroony10	329f95db-f02e-40bf-a5f7-0dea11529ce3	Enter Shikari	5fc3dc96-a370-4eb2-a1b7-9c95bba22197	Sssnakepit (Hamilton Remix)	1476088043
mazaroony10	329f95db-f02e-40bf-a5f7-0dea11529ce3	Enter Shikari	0a09d304-cd92-439c-8734-e00b2b3883b7	Constellations	1476087388
mazaroony10	329f95db-f02e-40bf-a5f7-0dea11529ce3	Enter Shikari	126e3a7f-f2bb-491e-83d7-31848b94685d	Pack of Thieves	1476087100
mazaroony10	329f95db-f02e-40bf-a5f7-0dea11529ce3	Enter Shikari	f52f0f5f-01b7-4d8e-80ed-ccfe4ad01be1	Warm Smiles Do Not Make You Welcome Here	1476086822
mazaroony10	329f95db-f02e-40bf-a5f7-0dea11529ce3	Enter Shikari	a415bc9f-07e4-4e18-97c0-da9b370eabc0	Gandhi Mate, Gandhi	1476086555
mazaroony10	329f95db-f02e-40bf-a5f7-0dea11529ce3	Enter Shikari	947197cb-1289-4a07-b0d9-63f7b0104199	Arguing With Thermometers	1476086351
mazaroony10	329f95db-f02e-40bf-a5f7-0dea11529ce3	Enter Shikari	3bf02646-7383-473b-a6b6-5cca6d7ff365	Search Party	1476086105
mazaroony10	329f95db-f02e-40bf-a5f7-0dea11529ce3	Enter Shikari	46d025b8-e453-4ec9-b127-a1bbcf7be35d	Stalemate	1476085847
mazaroony10	329f95db-f02e-40bf-a5f7-0dea11529ce3	Enter Shikari	ef9774e5-c792-4a8f-b2e7-93b17fe9af99	Sssnakepit	1476085641
mazaroony10	329f95db-f02e-40bf-a5f7-0dea11529ce3	Enter Shikari	828be71e-231e-468a-8f76-a09b2df7bfee	...Meltdown	1476085437
mazaroony10	44e1a837-cc5e-433f-874d-913296b57120	Hell Is For Heroes	349b3d7b-cfa8-4961-969b-39ad7704848f	Slow Song	1476015389
mazaroony10	44e1a837-cc5e-433f-874d-913296b57120	Hell Is For Heroes	761ef743-4b7c-4ae8-a7ba-4426ac6dfd46	You Drove Me To It	1476015207
mazaroony10	44e1a837-cc5e-433f-874d-913296b57120	Hell Is For Heroes	9786255c-052d-4221-9e45-08f46ac1f7d8	Disconnector	1476015001
mazaroony10	44e1a837-cc5e-433f-874d-913296b57120	Hell Is For Heroes	525bb10a-f810-4cb0-b002-df92977a72c3	I Can Climb Mountains	1476014800
mazaroony10	44e1a837-cc5e-433f-874d-913296b57120	Hell Is For Heroes	169ae620-bb11-49a3-b671-b5badff4af08	Three Of Clubs	1476014617
mazaroony10	44e1a837-cc5e-433f-874d-913296b57120	Hell Is For Heroes	8116b89b-3634-43bc-afb6-4770fe0be078	Few Against Many	1476014374
mazaroony10	44e1a837-cc5e-433f-874d-913296b57120	Hell Is For Heroes	003af5ec-39ca-4b98-9642-71596f725401	Cut Down	1476014190
mazaroony10	44e1a837-cc5e-433f-874d-913296b57120	Hell Is For Heroes	5ab9f2c1-100a-44ca-8a28-6764ef1aed57	Night Vision	1476013975
mazaroony10	44e1a837-cc5e-433f-874d-913296b57120	Hell Is For Heroes	659f1e96-5ec8-4379-93c4-87ebdcd473eb	Out Of Sight	1476013821
mazaroony10	44e1a837-cc5e-433f-874d-913296b57120	Hell Is For Heroes	7d29e130-2181-48cc-9230-8aa5c8e78507	Five Kids Go	1476013597
mazaroony10	dac7fe9e-9d77-4bf9-bf9a-22bf3bbb27a2	Heart of a Coward	656dc3bf-38f7-4acc-b2f7-431664484f44	Severance	1476011641
mazaroony10	dac7fe9e-9d77-4bf9-bf9a-22bf3bbb27a2	Heart of a Coward	99a99bd2-899c-4dc4-b60e-2ab38020adb8	Desensitise	1476011410
mazaroony10	dac7fe9e-9d77-4bf9-bf9a-22bf3bbb27a2	Heart of a Coward	7b01ad26-8356-457c-adfa-6dead702844d	Mirrors	1476011173
mazaroony10	dac7fe9e-9d77-4bf9-bf9a-22bf3bbb27a2	Heart of a Coward	29c7f4d5-74cd-43d0-962b-b2266164cb10	Psychophant	1476010950
mazaroony10	dac7fe9e-9d77-4bf9-bf9a-22bf3bbb27a2	Heart of a Coward	c420cbf7-17ca-4cc0-bb24-0beaa4350ef2	Eclipsed	1476010788
mazaroony10	dac7fe9e-9d77-4bf9-bf9a-22bf3bbb27a2	Heart of a Coward	cd504baa-474f-4346-beca-e0423a5345f2	Deadweight	1476010562
mazaroony10	dac7fe9e-9d77-4bf9-bf9a-22bf3bbb27a2	Heart of a Coward	cd504baa-474f-4346-beca-e0423a5345f2	Deadweight	1476010312
mazaroony10	dac7fe9e-9d77-4bf9-bf9a-22bf3bbb27a2	Heart of a Coward	6bf1f52a-58eb-4e42-8fd6-f3ad8c7cabc7	Nauseam	1476010093
mazaroony10	dac7fe9e-9d77-4bf9-bf9a-22bf3bbb27a2	Heart of a Coward	6d7ddaa1-b970-4496-a00d-2d2ad3cc27d6	Distance	1476009855
mazaroony10	dac7fe9e-9d77-4bf9-bf9a-22bf3bbb27a2	Heart of a Coward	54ec0499-656b-42e9-b4fc-ff5031867280	Prey	1476009627
mazaroony10	dac7fe9e-9d77-4bf9-bf9a-22bf3bbb27a2	Heart of a Coward	af195bcf-c2ea-4922-a4fa-b6c0ddf4593a	Monstro	1476009413
Nouge	ff9ef2ef-73a6-496c-8528-4b12b21afbfd	The Slits	98607ec9-ba33-4244-a0aa-1830c8476117	I Heard It Through the Grapevine	1477134802
Nouge	b7a98e65-7ce4-4fab-8cf3-6b3ccda6115a	Frankie Knuckles	eb223e4d-03a6-4f7d-9bf7-b289d9041a7b	The Whistle Song	1477134380
Nouge	b6fa9b9b-41cf-45a6-adc0-0a4c9a8c0d3c	The Budos Band	4e2b3a51-9539-445a-a812-ef794d1d6193	T.I.B.W.F.	1477133590
Nouge	36eae729-eb71-4ab0-82f8-9bef3255d881	Slow Club	a73a6fcf-b5fb-48de-add6-6bb98e29d0f3	Tears Of Joy	1477133346
Nouge	8d85ef72-2e37-4191-98d6-77e5037edf1a	The Equatics	b8d5d9b4-a179-4ec8-bf74-a71b913b8ce1	Where Is Love?	1477132927
Nouge	6a997121-0919-482b-a91b-c6fe1b55a4b9	James Bay	4a6dc20b-0110-47ec-824a-dfcbc887dc23	Hold Back the River	1476982067
Nouge	01809552-4f87-45b0-afff-2c6f0730a3be	Elvis Presley	de08893e-09dc-4ab9-8e42-c20e5ced7ba5	The Wonder Of You	1476981353
Nouge	5739643e-3037-4349-8ceb-73e337158f2c	Har Mar Superstar	78e3f244-2613-45e5-9017-d3ac15dc4857	Lady, You Shot Me	1476972594
Nouge	9689aa5a-4471-4fb4-9721-07cecda0fa9f	A Tribe Called Quest	410a90cb-47d3-4f96-86f3-5eb873775c86	Word Play	1476972007
Nouge	b6b5303f-2399-4d6b-96a5-02609e3f95d5	Kids and Chemicals	8bae5280-6d21-40e0-9bed-5b17f74a487d	Moon	1476971383
Nouge	a74b1b7f-71a5-4011-9441-d0b5e4122711	Radiohead	ee3dd036-b9cb-44fb-9ce9-3b5f22d31454	Just	1476971149
Nouge	ef656595-bbe8-4386-8953-be8df9f54472	Friendly Fires	93bc8d6a-8264-48e3-a5d7-61b9f01ca8ca	Live Those Days Tonight	1476970846
Nouge	a74b1b7f-71a5-4011-9441-d0b5e4122711	Radiohead	938ecadc-f343-4c06-a754-c9f262be1088	My Iron Lung	1476970570
Nouge	f4857fb9-e255-4dc6-bd01-e4ca7cc68544	Jamiroquai	4f13eabd-294f-4aa7-b7f6-7ab0e3051a51	Black Capricorn Day	1476970228
Nouge	a505bb48-ad65-4af4-ae47-29149715bff9	Thievery Corporation	abd3d638-09d0-473b-a0ed-91c19cbb4d4a	The Cosmic Game	1476970088
Nouge	991b8af4-328a-4441-8dc5-f7af0c89af08	Wagon Christ	908ce6ba-f5f3-40dc-8058-b2fb033df0ab	Ain't He Heavy, He's My Brother	1476872410
Nouge	ef656595-bbe8-4386-8953-be8df9f54472	Friendly Fires	43176e3d-6701-4ced-936f-3f0512eed320	White Diamonds	1476872158
Nouge	4c671d5a-7027-4398-8055-03e61d1a3967	Cults	67e2ea20-6759-4544-9e51-cede28e2b49e	Abducted	1476869664
Nouge	71a94ed8-03cc-459a-bd35-a081ca88a402	Dirty Projectors	23307bdc-7e1b-44d0-a7b6-48fecf80a6de	Swing Lo Magellan	1476869506
Nouge	cf15719f-51f9-4db8-a15d-5eed9664ce69	Lupe Fiasco	6bc995c3-8d9b-493b-b9a0-3321817e47fc	Pressure (feat. Jay-Z)	1476869013
Nouge	f8ac2cd3-d2b1-4cb0-b916-6b4c049d7cc1	Natty	07d557ae-227a-4e4e-84da-c69a902f908a	Badman	1476866983
Nouge	9a709693-b4f8-4da9-8cc1-038c911a61be	Bonobo	da039571-2f2f-4cf3-98ef-c4ad930b77ba	The Keeper	1476866256
Nouge	a505bb48-ad65-4af4-ae47-29149715bff9	Thievery Corporation	9fcfe65b-16fc-44c7-9625-79c01dc91b6d	The Oscillator	1476865576
Nouge	23388f69-9c11-44a6-b832-b9071db3423e	Lee Dorsey	a048073e-2074-4e6a-a7b6-156e68b1167a	Go-Go Girl	1476865432
Nouge	f1560407-8826-4ec9-b78f-e0c3fa3ea4f5	Quantic	ca4ad5d9-80e4-4d61-9954-4a8dbf0d6b03	The 5th Exotic	1476865184
Nouge	87b9b3b8-ab93-426c-a200-4012d667a626	The War on Drugs	a4b6ac2b-99fd-4c8d-b393-69743e7ce687	Eyes to the Wind	1476814438
Nouge	151231cb-fca6-42e0-976a-66b07193d657	King Curtis	75626b60-d9ff-4b93-ad28-2cf75490148a	Tippin' In	1476783353
Nouge	151231cb-fca6-42e0-976a-66b07193d657	King Curtis	89ba7a72-0458-4c6e-8a99-3ed0cd3bdd51	A Whiter Shade of Pale	1476783117
Nouge	151231cb-fca6-42e0-976a-66b07193d657	King Curtis	4c1e85c8-42f4-4c84-af21-561453af4410	Soft	1476782948
Nouge	151231cb-fca6-42e0-976a-66b07193d657	King Curtis	4e146725-1ad6-4d13-a91b-84276a7f2aa6	Night Train	1476782773
Nouge	151231cb-fca6-42e0-976a-66b07193d657	King Curtis	fccddba9-cda5-47f7-8699-dfd4d8e460be	Fever	1476782596
Nouge	151231cb-fca6-42e0-976a-66b07193d657	King Curtis	4f6f5c41-a3d5-4154-9bda-9b4d2352e443	Lean Baby	1476782420
Nouge	151231cb-fca6-42e0-976a-66b07193d657	King Curtis	1bd556f8-9919-4ea9-b174-a57eda408e8a	Memphis Soul Stew	1476782240
Nouge	151231cb-fca6-42e0-976a-66b07193d657	King Curtis	1eaaae33-46c7-4331-acec-af9e567c5844	Harlem Nocturne	1476782007
Nouge	151231cb-fca6-42e0-976a-66b07193d657	King Curtis	e9b8c70b-adc8-44ff-81b8-21d39804c5e8	The Hucklebuck	1476781847
Nouge	151231cb-fca6-42e0-976a-66b07193d657	King Curtis	ad231086-5ece-412a-be63-5ee82f99e918	So Rare	1476781697
Nouge	fbd2a255-1d57-4d31-ac11-65b671c19958	No Doubt	75f82744-5d4d-417c-b276-37dc4c17a98d	Don't Speak	1476720526
Nouge	ed2ac1e9-d51d-4eff-a2c2-85e81abd6360	Bob Marley & The Wailers	bc695eff-78ad-4757-a298-a63ccf3a9007	Waiting In Vain	1476720017
Nouge	cc197bad-dc9c-440d-a5b5-d52ba2e14234	Coldplay	8939af10-d1d8-4ac7-ac13-1160a9cd1f54	Square One	1476719729
Nouge	45804465-4271-4e6a-b881-ce668ef09530	The Internet	87a48d41-02e0-4583-bcfa-44dd70ac913d	Web Of Me	1476719560
Nouge	28cbf94d-0700-4095-a188-37e373b069a7	Basement Jaxx	b8bb5f70-927f-40db-b1e9-76af48f8b32b	Bongoloid	1476719298
Nouge	a505bb48-ad65-4af4-ae47-29149715bff9	Thievery Corporation	92d88193-5e70-446f-8f63-1392e588afde	Sound the Alarm	1476719076
Nouge	9357482a-9517-456e-b949-e7370e926034	POLIÇA	402c1356-f7f8-4f32-a303-ece0c457cc2a	Chain My Name	1476718828
Nouge	991b8af4-328a-4441-8dc5-f7af0c89af08	Wagon Christ	35fd2baf-d020-49de-9f03-47f5fd587d5d	Wake Up	1476718433
Nouge	056e4f3e-d505-4dad-8ec1-d04f521cbb56	Daft Punk	65f491fb-1816-4d97-97db-a39272f40c62	One More Time	1476718112
Nouge	8970d868-0723-483b-a75b-51088913d3d4	Moby	4e9a8b3a-2a21-42cd-833b-98046fe40574	Why Does My Heart Feel So Bad?	1476717538
Nouge	ed2ac1e9-d51d-4eff-a2c2-85e81abd6360	Bob Marley & The Wailers	8f1d28f1-f4ad-4c0d-8bc4-59e45873a425	Exodus	1476717349
Nouge	8f9d6bb2-dba4-4cca-9967-cc02b9f4820c	Limp Bizkit	b13278c0-31fb-45ff-ade1-2678a1824563	Hot Dog	1476717118
Nouge	d1515727-4a93-4c0d-88cb-d7a9fce01879	Jamie xx	ae180777-0603-4787-873a-b2bb3e47dd89	Girl	1476716872
Nouge	a4ed036b-5f18-439c-b1e1-96d205bab255	Chic	6a2dcfc1-b09f-44fc-9a7d-6b127b2b072e	Le Freak	1476715816
Nouge	3f542031-b054-454d-b57b-812fa2a81b11	Yo La Tengo	aec4c933-78c1-4397-9433-5db9adb80db9	Ohm	1476715406
Nouge	6ffb8ea9-2370-44d8-b678-e9237bbd347b	Kings of Leon	fd88595e-95d4-42ee-a126-25d07c6c834c	Wait for Me	1476713990
Nouge	ddc05f16-70d7-465d-9029-902fe17147d6	Los Albertos	0fe827ce-aecf-4bb9-a5cf-d9499de5c82e	friends	1476713607
Nouge	ddc05f16-70d7-465d-9029-902fe17147d6	Los Albertos	0fe827ce-aecf-4bb9-a5cf-d9499de5c82e	friends	1476459450
Nouge	45804465-4271-4e6a-b881-ce668ef09530	The Internet	87a48d41-02e0-4583-bcfa-44dd70ac913d	Web Of Me	1476459039
Nouge	a505bb48-ad65-4af4-ae47-29149715bff9	Thievery Corporation	57262c7b-b607-4d19-8bda-c57118c76642	The Outernationalist	1476458828
Nouge	a4ed036b-5f18-439c-b1e1-96d205bab255	Chic	6a2dcfc1-b09f-44fc-9a7d-6b127b2b072e	Le Freak	1476458394
Nouge	9a709693-b4f8-4da9-8cc1-038c911a61be	Bonobo	c4590d2c-f7bc-444a-9e0c-b301b554b534	1009	1476458123
Nouge	a505bb48-ad65-4af4-ae47-29149715bff9	Thievery Corporation	7b8bb7c9-7286-420d-9541-b4d2b2606228	A Gentle Dissolve	1476457953
Nouge	960607c6-b0e3-483d-be67-8232eb50eb95	Travis	0d6d7b66-69b2-47aa-a78c-aaf35e5a629d	Sing	1476457725
Nouge	a74b1b7f-71a5-4011-9441-d0b5e4122711	Radiohead	3b021c9a-d0ea-4572-ade3-87012da3435d	Backdrifts	1476457389
Nouge	23388f69-9c11-44a6-b832-b9071db3423e	Lee Dorsey	44c196d6-7100-4219-b165-1f2097bef69b	Wonder Woman	1476456306
Nouge	4f416ed7-dda2-45de-a6f1-b986e861cf4b	Deerhunter	ce2837b0-4d0d-441a-849a-fafebe34b2b0	Operation	1476456060
Nouge	87b9b3b8-ab93-426c-a200-4012d667a626	The War on Drugs	e7bf9694-1fd7-4f97-ace2-3ffcb141b0ee	Under the Pressure	1476455717
Nouge	10adbe5e-a2c0-4bf3-8249-2b4cbf6e6ca8	Massive Attack	04a4ac3e-5439-4214-8094-b63f756613ea	Teardrop	1476349457
Nouge	63aa26c3-d59b-4da4-84ac-716b54f1ef4d	Tame Impala	5b83bc77-5bf8-4abc-a5bb-9a3421b60b27	Apocalypse Dreams	1476349100
Nouge	4f416ed7-dda2-45de-a6f1-b986e861cf4b	Deerhunter	ce2837b0-4d0d-441a-849a-fafebe34b2b0	Operation	1476348325
russiansquares	82b1f5fd-cd31-41a9-b5d4-7e33f0eb9751	Otis Redding	b26614d5-e527-42a5-b6d5-9e8c248ab565	(Sittin' On) The Dock of the Bay	1476818800
russiansquares	84783313-2a3f-4f17-ab9a-425a5d527879	James Brown	d9154cae-507c-4b35-9021-025e320a067a	The Payback	1476818352
russiansquares	05517043-ff78-4988-9c22-88c68588ebb9	Paul Simon	877435e7-f27d-4879-8b64-0f375ee1443f	Mother and Child Reunion	1476818164
russiansquares	f46bd570-5768-462e-b84c-c7c993bbf47e	Eagles	7ac12c63-217c-4057-971b-f3c529bf76a6	Hotel California	1476817772
russiansquares	84783313-2a3f-4f17-ab9a-425a5d527879	James Brown	735b7bad-3ff3-410b-bf86-c87283e42b1c	It's A Man's, Man's, Man's World	1476817431
russiansquares	2f9ecbed-27be-40e6-abca-6de49d50299e	Aretha Franklin	986a97f9-c2ca-4985-bf75-619edd5e7fcf	Think	1476817292
russiansquares	2944824d-4c26-476f-a981-be849081942f	Nina Simone	96b8213c-48ab-435a-bd70-7f9d491fd107	Feeling Good	1476817118
russiansquares	f58654bf-c6e3-45b6-9fcc-62cf8f0021b2	The Kingsmen	4e443c20-390b-4e9b-b8dd-5accadf9190d	Louie Louie	1476816952
russiansquares	84783313-2a3f-4f17-ab9a-425a5d527879	James Brown	f138b2f2-c3a4-4363-ab71-b66282065bb7	The Boss	1476816761
russiansquares	96c1edac-1011-4cb8-882c-27248de35071	The Cramps	421aa039-4d92-4d1c-b7f4-cd26f80bdff6	Shortnin' Bread	1476738766
russiansquares	96c1edac-1011-4cb8-882c-27248de35071	The Cramps	dac929cd-8fed-4794-9fbc-0e21ced2e33a	The Creature From The Black Leather Lagoon	1476738579
russiansquares	96c1edac-1011-4cb8-882c-27248de35071	The Cramps	2ad87059-1244-4ff7-954e-b622c372012b	All Women Are Bad	1476738390
russiansquares	96c1edac-1011-4cb8-882c-27248de35071	The Cramps	91d6e2b1-e474-47f8-afb1-9404a2278d06	Bikini Girls With Machine Guns	1476738193
russiansquares	96c1edac-1011-4cb8-882c-27248de35071	The Cramps	186fac30-c595-418a-a4de-89f600cbb54a	Bop Pills	1476737890
russiansquares	9efff43b-3b29-4082-824e-bc82f646f93d	The Doors	b686f02f-aa56-4cb1-94ea-8466b16e0993	Hyacinth House	1476737614
russiansquares	9efff43b-3b29-4082-824e-bc82f646f93d	The Doors	2e08888d-c2ef-43a1-af75-5638bac0f10c	L'America	1476737340
russiansquares	9efff43b-3b29-4082-824e-bc82f646f93d	The Doors	bd4cdbe6-4f99-43c8-acbf-1d3bbecfe5f3	L.A. Woman	1476736868
russiansquares	2aaf7396-6ab8-40f3-9776-a41c42c8e26b	LCD Soundsystem	bb6aaa59-82ff-475f-a708-09722d772c60	Home	1476613968
russiansquares	2eada8f8-056a-4093-bbc2-004909ce743b	Broken Social Scene	6bec6ea3-6d73-4369-ab33-7eacddc1438e	Stars and Sons	1475943221
russiansquares	18c9e1ac-840d-4d30-86a0-16b2f608b20f	Count Bass D	23f59197-b212-42b8-9d1f-d5fda704c7e6	Jussa Playa	1475876016
russiansquares	9c8f47c1-caf1-4186-8586-de7dc6344039	Vast Aire	e10aaec1-dfe6-4df3-9525-39edd1203b7e	Da SupaFriendz	1475875428
russiansquares	18c9e1ac-840d-4d30-86a0-16b2f608b20f	Count Bass D	23f59197-b212-42b8-9d1f-d5fda704c7e6	Jussa Playa	1475615908
russiansquares	3dc00dcb-6106-43d1-b48d-21d236f53983	People Under the Stairs	0190d390-e4e1-48f2-bcc8-0c3630d6ba3f	The L.A. Song	1475614541
russiansquares	a058a874-036b-4d6f-b87b-683281e83071	Johnny Polygon	3fef5c03-b8af-42a6-beff-df04a7cbff5a	Lovesick (Super Nintendo)	1475614277
russiansquares	cf042013-3edd-46c4-9b0e-a62faac98d0b	Funkadelic	c7422e9b-e6da-46a7-b7ba-ec2739b1804a	Good Thoughts, Bad Thoughts	1475611266
russiansquares	3bcff06f-675a-451f-9075-99e8657047e8	Four Tet	cdc87b82-7a25-4542-bf2c-649ffe246ef3	Parallel Jalebi	1475611032
russiansquares	c8b259a5-6acb-43e8-bb28-bc09e92eb22e	Common Market	5898581a-7748-410a-84f2-2096c2b9769c	Nothin' At All	1475605570
russiansquares	18c9e1ac-840d-4d30-86a0-16b2f608b20f	Count Bass D	23f59197-b212-42b8-9d1f-d5fda704c7e6	Jussa Playa	1475522110
russiansquares	9c8f47c1-caf1-4186-8586-de7dc6344039	Vast Aire	e10aaec1-dfe6-4df3-9525-39edd1203b7e	Da SupaFriendz	1475521521
russiansquares	b1bf9023-2d6e-4f7c-b71f-3e27ef119bf4	Froth	9b14fb22-2200-41be-bf79-1fd42773c660	Lost My Mind	1475509566
russiansquares	6eec62de-e783-47e4-89f9-e02fb61ed2cb	Tenniscoats	2a33aa8d-c150-4393-87a1-e9f5be469ef9	Papaya	1475404400
russiansquares	21d177ba-3d51-461e-9b3f-ad9a80b419dc	Big Star	2391e22c-1971-48c7-bb77-7a7f576fc428	Thirteen	1475404245
russiansquares	76a5a114-ed6a-4eb6-8a81-ad5768d4b41c	KC and The Sunshine Band	7486c3e7-ddf1-4f3a-bbb3-c908810993f5	Boogie Shoes	1475404105
russiansquares	cfbc0924-0035-4d6c-8197-f024653af823	Nas	a3640bef-c33f-4774-9834-841b22403260	Get Down	1475403800
russiansquares	c7e7036d-236a-4b4c-83a8-64bca8b14d7e	Cliff Martinez	064c9571-6285-4440-9bfe-44ec137423b3	Abscess	1474737986
russiansquares	585a4449-2a50-4fc9-910d-e76b46c22718	Rejjie Snow	be229fe4-8ee9-459a-b33c-d2931e54617a	Loveleen	1474480545
russiansquares	2aaf7396-6ab8-40f3-9776-a41c42c8e26b	LCD Soundsystem	bcb9b956-fe5f-4c84-a58f-aa88c6ec2dfe	Someone Great	1474402361
russiansquares	8a396a9c-2e4f-47e2-a587-c26e93a0953f	The Go! Team	2bcb4c2e-d68c-4d00-a2eb-3b9e95e73a9c	Apollo Throwdown (Star Slinger Remix)	1474396370
russiansquares	585a4449-2a50-4fc9-910d-e76b46c22718	Rejjie Snow	be229fe4-8ee9-459a-b33c-d2931e54617a	Loveleen	1474396187
russiansquares	b6b2bb8d-54a9-491f-9607-7b546023b433	Pixies	57aa98cf-50bb-47f6-a95b-c5295e9b6ec4	Motorway to Roswell	1474073581
russiansquares	b6b2bb8d-54a9-491f-9607-7b546023b433	Pixies	fa01dcb6-c34e-4ec5-86cd-3ca71da13ebc	Lovely Day	1474073455
russiansquares	b6b2bb8d-54a9-491f-9607-7b546023b433	Pixies	a0e19246-260c-47dc-89c2-be5dc9c5345b	Distance Equals Rate Times Time	1474073371
russiansquares	b6b2bb8d-54a9-491f-9607-7b546023b433	Pixies	806628d8-dfb9-45ea-a968-9c95847bd744	Subbacultcha	1474073242
russiansquares	b6b2bb8d-54a9-491f-9607-7b546023b433	Pixies	b77d386c-8dcc-402e-b337-5f2f707e5a62	All Over the World	1474072837
russiansquares	caf10f94-6c3a-4a71-b5f1-523c74007f92	Gonjasufi	f89588d7-15bb-4a12-ac41-fac31ccc1b1d	Duet	1474070424
russiansquares	a8baaa41-50f1-4f63-979e-717c14979dfb	Beck	bfc733a7-adc7-409c-b50b-1aaf3014e0b4	Lost Cause	1474070203
russiansquares	ba853904-ae25-4ebb-89d6-c44cfbd71bd2	Blur	2366f9bd-a18d-42aa-8526-f3bde393436a	Battle	1474069739
ezdpoficial	b10bbbfc-cf9e-42e0-be17-e2c3e1d2600d	The Beatles	bc72259d-4b95-4ebb-aafe-2c70c08affe2	I'm a Loser	1351203990
mahaag	da876178-b451-4ea6-850f-562c595ff858	Attack Attack!	cacac10b-076b-4edc-a468-74bea210f4cc	The Wretched	1413897942
mahaag	00034ede-a1f1-4219-be39-02f36853373e	O Rappa	b6a34973-eb8e-4422-bc57-6bd2ab54866e	Monstro Invisível	1372674529
mahaag	00034ede-a1f1-4219-be39-02f36853373e	O Rappa	0a5e49d8-27fb-4245-b4c9-65f00f62b9a7	Meu Mundo É o Barro	1372674198
mahaag	00034ede-a1f1-4219-be39-02f36853373e	O Rappa	af19dd60-c809-42d9-9c7b-1e2cddb2fc96	Fininho da Vida	1372674052
mahaag	8c1f7395-61b6-43bf-bb62-55d2c669f0e0	Marcelo D2	4f78ba88-0c81-4956-96cf-7d55c9c91835	Feeling Good	1372546334
mahaag	8c1f7395-61b6-43bf-bb62-55d2c669f0e0	Marcelo D2	9a7737d0-85ee-4da5-9495-481009d76b62	Você Diz Que o Amor Não Dói	1372545881
mahaag	8c1f7395-61b6-43bf-bb62-55d2c669f0e0	Marcelo D2	351b5acb-5405-470e-8e66-387e8a6e792f	Eu Tenho o Poder	1372544669
mahaag	8c1f7395-61b6-43bf-bb62-55d2c669f0e0	Marcelo D2	351b5acb-5405-470e-8e66-387e8a6e792f	Eu Tenho o Poder	1372543485
mahaag	8c1f7395-61b6-43bf-bb62-55d2c669f0e0	Marcelo D2	9daa7343-be25-4398-87e7-480c66a40581	A Cara do Povo	1372543164
mahaag	8c1f7395-61b6-43bf-bb62-55d2c669f0e0	Marcelo D2	9a7737d0-85ee-4da5-9495-481009d76b62	Você Diz Que o Amor Não Dói	1372542992
mahaag	8c1f7395-61b6-43bf-bb62-55d2c669f0e0	Marcelo D2	4f78ba88-0c81-4956-96cf-7d55c9c91835	Feeling Good	1372542795
mahaag	3b55eb41-78c8-4048-acc4-f5b25af84733	Justin Martin	84ec9454-8b3d-4cea-b1c3-02edd1ca44b1	Ruff Stuff	1372345167
mahaag	917e448b-fbed-4062-b563-67566a3b3bb1	Natiruts	a5c536e1-bb79-482e-8716-a2f82f2624c1	Leve Com Você	1372343793
mahaag	00034ede-a1f1-4219-be39-02f36853373e	O Rappa	af19dd60-c809-42d9-9c7b-1e2cddb2fc96	Fininho da Vida	1370726750
mahaag	917e448b-fbed-4062-b563-67566a3b3bb1	Natiruts	95c6bca1-3401-4976-82bc-1263de45cb1b	O Carcará e a Rosa	1370726503
mahaag	a021225f-6b8b-47ee-bdfe-67d97447348e	ConeCrewDiretoria	5bdff017-dd8d-4d5c-be0c-b4383da58c9a	Sem a Planta	1370715031
tselaht	abd506e1-6f2b-4d6f-b937-92c267f6f88b	Journey	721fb79e-0189-4690-bee9-8910c8184fc9	Don't Stop Believin'	1422606731
tselaht	2f9ecbed-27be-40e6-abca-6de49d50299e	Aretha Franklin	a22a519b-19a4-49ae-908f-02c61d8fa67a	Respect	1422606586
tselaht	eb5df49c-092e-40a3-b2d8-770865d58080	Kermit	1fc56e15-a639-4dbc-b417-8accbc937991	Rainbow Connection	1422606390
tselaht	a42d3fd5-55de-4206-86c3-4fbb5404018f	Neil Diamond	9d0a89d7-72aa-4b60-bf0e-b8b8247ad805	Sweet Caroline	1422606188
tselaht	bd13909f-1c29-4c27-a874-d4aaf27c5b1a	Fleetwood Mac	8ed24810-821f-4b54-bdcf-df6f607399c6	Everywhere	1422605963
tselaht	56e347d3-0306-4a32-a015-f9d19ebf56fb	Cupid	f300150b-3283-44d3-94ae-79228123f1fe	Cupid Shuffle	1422605732
tselaht	3414d446-735a-443c-931f-10634f57e5b9	Usher	577dca3d-c63b-4ebd-a0cc-a2534b0cf10c	Yeah!	1422605481
tselaht	b013686b-0fa5-4e88-a5bc-f941efc7855a	Trio	66ee417e-9b5c-4579-88e7-489618deedab	Da Da Da (I Don't Love You You Don't Love Me Aha Aha Aha)	1422605274
tselaht	62173ce5-37ef-41b1-86cd-45401a8955fc	Technotronic	c03926c3-9fe9-4191-b4db-3804436af8c1	Pump Up the Jam	1422605056
tselaht	cba94150-9113-4017-acc2-a8cc0313a084	MC Hammer	edbdeaf2-51e4-4b51-bcb6-174a160b8899	U Can't Touch This	1422604336
tselaht	ff693144-69be-4ec5-9150-cb3c5652e430	Richard O'Brien	7bdbdacc-c91a-4fe6-b1b6-6e219f0b716e	Time Warp	1422603854
tselaht	2469950a-f0ca-425a-bfbc-baf55ea3afde	Kool & The Gang	9160209c-e7f9-4f3a-89d0-3e27e43f9c18	Get Down On It	1422603640
tselaht	afbdfac9-2955-4404-ae22-c08bf1c1b51e	Don Omar	811f6224-8f0b-493d-b827-7e0adbb0b0b4	Danza Kuduro	1422603441
tselaht	f19d3d49-be22-4ca6-9903-64d86984fbf2	Village People	a4a470f9-d1ce-4cc1-9df5-d42569ac89fb	YMCA	1422602996
tselaht	c38ffbda-02e5-48fa-8390-d104e664d42e	V.I.C.	78a0e2b4-353c-4477-b5d0-62fd761a2f41	Wobble	1422602441
tselaht	fe1a873d-2000-4789-a895-4187fe756203	Parov Stelar	123f59a2-69cf-4407-99e7-ce200a8e9ce8	Booty Swing	1422602244
tselaht	aab35942-f176-4f77-bbf9-1d6aa98ccf3f	Luke Bryan	bc5595ae-725e-406b-b93d-37b483121ae8	Country Girl (Shake It for Me)	1422601808
tselaht	8dd98bdc-80ec-4e93-8509-2f46bafc09a7	Calvin Harris	9f192d15-def7-4446-a7cd-19446ca752f0	Summer	1422601584
tselaht	859d0860-d480-4efd-970c-c05d5f1776b8	Beyoncé	67dc066b-d84e-444c-b250-82917db7281e	Single Ladies (Put a Ring on It)	1422601391
tselaht	34e10b51-b5c6-4bc1-b70e-f05f141eda1e	John Denver	3ed37956-e579-450c-9865-9c45c8a37cd9	Take Me Home, Country Roads	1422601192
tselaht	b60527cc-54f3-4bbe-a01b-dcf34c95ae14	Donna Summer	9ead4dc8-0d7e-407c-be0d-773802750864	Last Dance	1422600896
tselaht	abd506e1-6f2b-4d6f-b937-92c267f6f88b	Journey	721fb79e-0189-4690-bee9-8910c8184fc9	Don't Stop Believin'	1422600647
tselaht	bd13909f-1c29-4c27-a874-d4aaf27c5b1a	Fleetwood Mac	8ed24810-821f-4b54-bdcf-df6f607399c6	Everywhere	1422600449
tselaht	56e347d3-0306-4a32-a015-f9d19ebf56fb	Cupid	f300150b-3283-44d3-94ae-79228123f1fe	Cupid Shuffle	1422600218
tselaht	34e10b51-b5c6-4bc1-b70e-f05f141eda1e	John Denver	3ed37956-e579-450c-9865-9c45c8a37cd9	Take Me Home, Country Roads	1422600027
tselaht	a42d3fd5-55de-4206-86c3-4fbb5404018f	Neil Diamond	9d0a89d7-72aa-4b60-bf0e-b8b8247ad805	Sweet Caroline	1422599599
tselaht	b013686b-0fa5-4e88-a5bc-f941efc7855a	Trio	66ee417e-9b5c-4579-88e7-489618deedab	Da Da Da (I Don't Love You You Don't Love Me Aha Aha Aha)	1422598956
tselaht	eb5df49c-092e-40a3-b2d8-770865d58080	Kermit	1fc56e15-a639-4dbc-b417-8accbc937991	Rainbow Connection	1422598759
tselaht	2469950a-f0ca-425a-bfbc-baf55ea3afde	Kool & The Gang	9160209c-e7f9-4f3a-89d0-3e27e43f9c18	Get Down On It	1422598307
tselaht	859d0860-d480-4efd-970c-c05d5f1776b8	Beyoncé	67dc066b-d84e-444c-b250-82917db7281e	Single Ladies (Put a Ring on It)	1422598112
tselaht	aab35942-f176-4f77-bbf9-1d6aa98ccf3f	Luke Bryan	bc5595ae-725e-406b-b93d-37b483121ae8	Country Girl (Shake It for Me)	1422597888
tselaht	ff693144-69be-4ec5-9150-cb3c5652e430	Richard O'Brien	7bdbdacc-c91a-4fe6-b1b6-6e219f0b716e	Time Warp	1422597679
tselaht	cba94150-9113-4017-acc2-a8cc0313a084	MC Hammer	edbdeaf2-51e4-4b51-bcb6-174a160b8899	U Can't Touch This	1422597306
tselaht	ff6e677f-91dd-4986-a174-8db0474b1799	Jack Johnson	4fbde0a2-50a5-44c7-9bed-e7c9f969c322	Breakdown	1422593903
tselaht	f19d3d49-be22-4ca6-9903-64d86984fbf2	Village People	a4a470f9-d1ce-4cc1-9df5-d42569ac89fb	YMCA	1422591984
tselaht	f19d3d49-be22-4ca6-9903-64d86984fbf2	Village People	a4a470f9-d1ce-4cc1-9df5-d42569ac89fb	YMCA	1422586434
tselaht	273dee46-43b8-4385-bdd2-d98bbad3c13e	Dawn of Midi	164713f6-7341-4d59-b225-da0f740bd268	Dysnomia	1417579385
tselaht	273dee46-43b8-4385-bdd2-d98bbad3c13e	Dawn of Midi	c4a5d0f5-9d09-4dfe-af31-f06df163da85	Algol	1417579129
tselaht	273dee46-43b8-4385-bdd2-d98bbad3c13e	Dawn of Midi	caa264df-90e9-4d5e-b541-b6a61b9165b9	Ijiraq	1417578807
tselaht	273dee46-43b8-4385-bdd2-d98bbad3c13e	Dawn of Midi	0706aa7b-dda4-4e62-9468-e3e0b4b71516	Ymir	1417578540
tselaht	273dee46-43b8-4385-bdd2-d98bbad3c13e	Dawn of Midi	9df9d865-0d60-423f-8617-8292640e0269	Moon	1417578236
tselaht	273dee46-43b8-4385-bdd2-d98bbad3c13e	Dawn of Midi	d914eb2c-0708-4aeb-9d69-d7675b6f2de4	Nix	1417578017
tselaht	273dee46-43b8-4385-bdd2-d98bbad3c13e	Dawn of Midi	4cee2007-8a90-4ca8-b075-1d6a3ffe2ef5	Atlas	1417577620
tselaht	273dee46-43b8-4385-bdd2-d98bbad3c13e	Dawn of Midi	e2f86dbd-ad09-4aae-bc67-0cc17e9b314f	Sinope	1417577207
tselaht	273dee46-43b8-4385-bdd2-d98bbad3c13e	Dawn of Midi	5a1929c4-cb88-4758-8347-8210e47c3e97	Io	1417576842
tselaht	9512eed7-a1a9-4e2f-8cac-c10d1448c1ce	This Will Destroy You	b24349b2-ff10-44e1-b319-aa5526999237	Memory Loss	1417575976
tselaht	9512eed7-a1a9-4e2f-8cac-c10d1448c1ce	This Will Destroy You	927a9b51-bdbe-4037-b9c5-92dfc4009e8e	Invitation	1417575729
tselaht	9512eed7-a1a9-4e2f-8cac-c10d1448c1ce	This Will Destroy You	150d7075-e742-4c3c-9b05-5e1b8e1f1327	Mother Opiate	1417575443
tselaht	9512eed7-a1a9-4e2f-8cac-c10d1448c1ce	This Will Destroy You	2b93d53a-8ffc-4dba-b723-56c7434b3323	The Puritan	1417575262
tselaht	9512eed7-a1a9-4e2f-8cac-c10d1448c1ce	This Will Destroy You	94bb5331-2917-4642-a127-8c3ecd2501c0	War Prayer	1417574808
tselaht	9512eed7-a1a9-4e2f-8cac-c10d1448c1ce	This Will Destroy You	eaa64e9f-ba7f-4673-97c5-2ab92e31d21e	Serpent Mound	1417574501
tselaht	9512eed7-a1a9-4e2f-8cac-c10d1448c1ce	This Will Destroy You	7459e009-4269-4224-b31c-7612b86c0a7e	Dustism	1417574121
tselaht	9512eed7-a1a9-4e2f-8cac-c10d1448c1ce	This Will Destroy You	350fac79-2eac-4622-a2cf-805002d6e5fa	New Topia	1417573792
tselaht	bba5b8aa-02d7-453c-99fd-4f2a45987afd	toe	e870a7c4-0e37-4938-bb85-8fe06430b615	Our Next Movement	1417310890
tselaht	bba5b8aa-02d7-453c-99fd-4f2a45987afd	toe	316460b7-1a10-4ed2-98ad-79b800cdbb9d	You Go	1417310674
tselaht	bba5b8aa-02d7-453c-99fd-4f2a45987afd	toe	def3af34-586c-4f17-9b99-fb121b7e0a57	Two Moons	1417309426
tselaht	bba5b8aa-02d7-453c-99fd-4f2a45987afd	toe	9eea6780-6bac-41f3-a154-97290a8642e3	Say It Ain't So	1417309203
tselaht	bba5b8aa-02d7-453c-99fd-4f2a45987afd	toe	c1f370e3-0e39-4142-b0d6-3749effb0b48	After Image	1417308709
tselaht	bba5b8aa-02d7-453c-99fd-4f2a45987afd	toe	edd17072-30d4-4097-a2ca-222131dffe52	Everything Means Nothing	1417308315
tselaht	bba5b8aa-02d7-453c-99fd-4f2a45987afd	toe	3b1e726b-d344-4413-a88f-7ce14dcf3a70	I Do Still Wrong	1417307917
tselaht	bba5b8aa-02d7-453c-99fd-4f2a45987afd	toe	2ad33cd4-6406-4b98-9675-df96f36b90fd	Music For You	1417307808
tselaht	bba5b8aa-02d7-453c-99fd-4f2a45987afd	toe	b4603c2c-13ce-4710-b88e-afd97f7f5aea	Past And Language	1417307477
tselaht	bba5b8aa-02d7-453c-99fd-4f2a45987afd	toe	fbaa94a0-0a9d-45df-ad7b-e2f6b280a904	C	1417307230
tselaht	bba5b8aa-02d7-453c-99fd-4f2a45987afd	toe	333d1491-0972-4211-9c60-7e1b5eead664	All I Understand Is That I Don't Understand	1417306936
tselaht	bba5b8aa-02d7-453c-99fd-4f2a45987afd	toe	fb7ff520-c6a4-45d2-9674-1bbeb3523ae9	tremolo + delay	1417306470
tselaht	1507b368-e660-4c15-af94-3f5603561045	Balmorhea	42c3af3d-fb3c-4a31-bd0b-4a22250339a0	November 1, 1832	1417206558
tselaht	1507b368-e660-4c15-af94-3f5603561045	Balmorhea	e9d934f1-ff6e-4ad4-abad-7a40b883612f	Truth	1417206132
tselaht	1507b368-e660-4c15-af94-3f5603561045	Balmorhea	3457750f-89ac-4f1c-bc97-39c6dff333bd	Night In The Draw	1417205883
tselaht	1507b368-e660-4c15-af94-3f5603561045	Balmorhea	9ec9472f-3924-45a7-af8f-783563b4440f	Coahuila	1417205671
tselaht	1507b368-e660-4c15-af94-3f5603561045	Balmorhea	35b3a686-41b4-45fe-ba9a-0ad9aa62fbf9	Remembrance	1417205322
tselaht	1507b368-e660-4c15-af94-3f5603561045	Balmorhea	8d56ecaa-b83c-4374-83c3-0506f9c44da8	Elegy	1417205183
tselaht	1507b368-e660-4c15-af94-3f5603561045	Balmorhea	7d509212-b4a9-4239-9cb6-4b5068edfbfe	Harm and Boon	1417204697
tselaht	1507b368-e660-4c15-af94-3f5603561045	Balmorhea	3ee12e6d-25a0-4520-a7d9-df1efcfc413a	March 4, 1831	1417204570
tselaht	1507b368-e660-4c15-af94-3f5603561045	Balmorhea	3cbea717-1615-4288-9953-3fe525587af8	Settler	1417204172
tselaht	002379ce-27d5-4084-9a5d-4fd28335d9cb	Laura Gibson	c336c6b8-7e34-4584-bc91-b9747d6e8f39	Spirited	1417191469
tselaht	002379ce-27d5-4084-9a5d-4fd28335d9cb	Laura Gibson	e2689baa-f9ac-427f-a20a-69dabc6a45e7	Come By Storm	1417191213
tselaht	002379ce-27d5-4084-9a5d-4fd28335d9cb	Laura Gibson	01ac889c-183f-4eb9-8325-268872b68af3	Shadows on Parade	1417190763
LuUiiiZzO	f7dba4f7-f935-48e1-9d0f-3d67172b935c	Big Deal	5972c3d6-8307-4d90-b2c8-01ac6c7e4040	Distant Neighborhood	1476051983
LuUiiiZzO	7830f37b-1b86-40bc-b7aa-84a562112ff7	Cats On Fire	71e78200-8103-4513-8e16-0e102ad7e62e	There Goes the Alarm	1475455492
LuUiiiZzO	7830f37b-1b86-40bc-b7aa-84a562112ff7	Cats On Fire	78f0faf8-c037-42a7-99e0-4a4663b0f2a2	A Different Light	1475455209
LuUiiiZzO	7830f37b-1b86-40bc-b7aa-84a562112ff7	Cats On Fire	2c0011cb-f982-4cc6-b16b-c4afa0976371	My Sense Of Pride	1475455015
LuUiiiZzO	29c91854-8c45-469b-b36d-a11fb650638b	Cloud Nothings	682526c4-b24c-429c-bb7c-6ee1b3ef38cc	Stay Useless	1475454910
LuUiiiZzO	29c91854-8c45-469b-b36d-a11fb650638b	Cloud Nothings	d800d583-75df-4448-b1dc-66766209ce34	Separation	1475454780
LuUiiiZzO	29c91854-8c45-469b-b36d-a11fb650638b	Cloud Nothings	682526c4-b24c-429c-bb7c-6ee1b3ef38cc	Stay Useless	1475454615
LuUiiiZzO	29c91854-8c45-469b-b36d-a11fb650638b	Cloud Nothings	5731ee80-73ff-490b-8b8c-275b2199c0f4	Giving Into Seeing	1475454447
LuUiiiZzO	29c91854-8c45-469b-b36d-a11fb650638b	Cloud Nothings	c18140e1-7440-4af9-8891-cbd24a36dbf4	Just See Fear	1475454258
LuUiiiZzO	9cca95ca-e6b7-4aa7-9a8b-0425189c7f1d	Christopher Owens	4116340e-6fa8-49a4-a788-e492789e5d11	Closing Theme	1475447611
LuUiiiZzO	9cca95ca-e6b7-4aa7-9a8b-0425189c7f1d	Christopher Owens	4996dc74-0fac-4fc7-a1a5-6f4943ba9b43	Everywhere You Knew	1475447473
LuUiiiZzO	9cca95ca-e6b7-4aa7-9a8b-0425189c7f1d	Christopher Owens	9d482bf7-ab4c-4ca1-8c7f-b8bce9667f4f	Lysandre	1475447299
LuUiiiZzO	9cca95ca-e6b7-4aa7-9a8b-0425189c7f1d	Christopher Owens	265eed10-e0bb-4bc5-9394-e9941b5ed746	Love is in the Ear of the Listener	1475447164
LuUiiiZzO	9cca95ca-e6b7-4aa7-9a8b-0425189c7f1d	Christopher Owens	2ef422f0-4074-4367-9880-fc643aa61ae3	Riviera Rock	1475446950
LuUiiiZzO	9cca95ca-e6b7-4aa7-9a8b-0425189c7f1d	Christopher Owens	920d7123-2edc-4c44-8d8c-bb8c6703d584	Here We Go Again	1475446744
LuUiiiZzO	9cca95ca-e6b7-4aa7-9a8b-0425189c7f1d	Christopher Owens	fc5cca7f-f8db-4ec6-ae4b-2a3b5b531c45	A Broken Heart	1475446554
LuUiiiZzO	9cca95ca-e6b7-4aa7-9a8b-0425189c7f1d	Christopher Owens	0ccc4f70-8a54-45ed-9261-1c5ba4dd8d7e	New York City	1475446358
LuUiiiZzO	9cca95ca-e6b7-4aa7-9a8b-0425189c7f1d	Christopher Owens	36f082a6-6d0f-4451-817e-12c1152bd86a	Here We Go	1475446141
LuUiiiZzO	87e58b4e-465c-4d8b-bfee-9c49ca8b7358	Born Ruffians	4d6cadd9-b851-4852-80d8-22a672476746	I Need a Life	1475445727
LuUiiiZzO	87e58b4e-465c-4d8b-bfee-9c49ca8b7358	Born Ruffians	47c60f9b-0a1b-4091-a842-adb0c3c41aeb	Hummingbird	1475445539
LuUiiiZzO	87e58b4e-465c-4d8b-bfee-9c49ca8b7358	Born Ruffians	ca4b3378-eebc-4d78-96be-ec7205252b15	Barnacle Goose	1475445320
LuUiiiZzO	0ae49abe-d6af-44fa-8ab0-b9ace5690e6f	Bombay Bicycle Club	57c08975-9aea-4346-add0-7a99eece79f3	Leave It	1475445054
LuUiiiZzO	0ae49abe-d6af-44fa-8ab0-b9ace5690e6f	Bombay Bicycle Club	604bb300-1029-466e-9d2b-819423b4175a	Beggars	1475444884
LuUiiiZzO	0ae49abe-d6af-44fa-8ab0-b9ace5690e6f	Bombay Bicycle Club	00a30da1-f256-4f91-ad40-262835625f08	Shuffle	1475444567
LuUiiiZzO	5ab8835e-ac44-4055-9c11-7878199606b5	Best Coast	faa4cc00-1f59-49fc-af30-52ffe6ec94a5	When I'm With You	1475444441
LuUiiiZzO	5ab8835e-ac44-4055-9c11-7878199606b5	Best Coast	c88f7437-6605-4664-87c5-eaccefaae487	Each and Everyday	1475444269
LuUiiiZzO	5ab8835e-ac44-4055-9c11-7878199606b5	Best Coast	9cdbc388-5969-49cb-bc9a-85727ea8879e	Happy	1475444164
LuUiiiZzO	5ab8835e-ac44-4055-9c11-7878199606b5	Best Coast	27fbcb5e-8416-4602-ba7a-27efc01b50ab	Honey	1475443983
LuUiiiZzO	5ab8835e-ac44-4055-9c11-7878199606b5	Best Coast	32694c9d-0632-4f84-a282-fd2f1b8ead42	Bratty B	1475443879
LuUiiiZzO	5ab8835e-ac44-4055-9c11-7878199606b5	Best Coast	36f8e477-70ad-4ead-bd15-02b64db5b515	When the Sun Don't Shine	1475443743
LuUiiiZzO	5ab8835e-ac44-4055-9c11-7878199606b5	Best Coast	1a45555a-6079-480d-af31-f242bd0bd0a4	Our Deal	1475443595
LuUiiiZzO	5ab8835e-ac44-4055-9c11-7878199606b5	Best Coast	cc574e31-40c5-4cc6-9bd9-d0e033ec70b8	I Want to	1475443595
LuUiiiZzO	5ab8835e-ac44-4055-9c11-7878199606b5	Best Coast	f88ff9e0-9106-4737-99c2-714ec5b2f428	Summer Mood	1475443324
LuUiiiZzO	5ab8835e-ac44-4055-9c11-7878199606b5	Best Coast	fd72fe9e-64a5-457a-ac7f-7bb26ba5814f	Goodbye	1475443143
LuUiiiZzO	ff9deaae-da4f-42b7-a19e-36fedd3fc706	Ben Kweller	cf41b5db-c1c7-480b-a997-4c2d6af6a260	Nothing Happening	1475442862
LuUiiiZzO	ff9deaae-da4f-42b7-a19e-36fedd3fc706	Ben Kweller	7a14dcf2-8c46-4ffe-adaf-37d2672727f4	Magic	1475442589
LuUiiiZzO	a0498514-c21c-4e85-8dbf-a1b92374a06b	Albert Hammond, Jr.	4bad1a9a-2b97-47cb-ae23-be6c9c7c1e65	Holiday	1475397727
LuUiiiZzO	a0498514-c21c-4e85-8dbf-a1b92374a06b	Albert Hammond, Jr.	3a123b4f-4a30-4417-911f-1bf4c7625ffb	Scared	1475397378
LuUiiiZzO	a0498514-c21c-4e85-8dbf-a1b92374a06b	Albert Hammond, Jr.	3a123b4f-4a30-4417-911f-1bf4c7625ffb	Scared	1475396805
LuUiiiZzO	a0498514-c21c-4e85-8dbf-a1b92374a06b	Albert Hammond, Jr.	614fb6cc-8915-4f52-90a9-8328853719c4	Call An Ambulance	1475396474
LuUiiiZzO	a0498514-c21c-4e85-8dbf-a1b92374a06b	Albert Hammond, Jr.	2ef29ca7-ff7e-4047-aec3-67d74b0c65e8	Everyone Gets A Star	1475396296
LuUiiiZzO	f867c698-e9f6-4865-973c-4de7edd5f896	AM	91046814-c048-46f1-b352-1728cec16325	Endings are Beginnings	1475395663
LuUiiiZzO	f867c698-e9f6-4865-973c-4de7edd5f896	AM	f71e9458-110a-4302-bee4-7e32e4dff897	Jorge Ben	1475395531
LuUiiiZzO	f867c698-e9f6-4865-973c-4de7edd5f896	AM	11c7535e-6947-400c-9c6f-ae4d89dc1009	When The Dust Settles	1475395299
LuUiiiZzO	f867c698-e9f6-4865-973c-4de7edd5f896	AM	6c28bc02-96a6-4c7a-946c-5318af605c33	Fortunate Family Tree	1475395086
LuUiiiZzO	f867c698-e9f6-4865-973c-4de7edd5f896	AM	9063ec46-6c50-4774-8bad-d339cc800ee7	Grand Opinion	1475394811
LuUiiiZzO	f867c698-e9f6-4865-973c-4de7edd5f896	AM	4e1db5ba-2ba4-48ad-87dd-3aaeed7f3469	Leavenworth	1475394649
LuUiiiZzO	f867c698-e9f6-4865-973c-4de7edd5f896	AM	33131037-3314-4614-aa6c-27bf3cdc3abf	Self Preservation	1475394385
LuUiiiZzO	f867c698-e9f6-4865-973c-4de7edd5f896	AM	adcbe3af-affc-4bd6-8076-3d88bbcc7460	Darker Days	1475394152
LuUiiiZzO	f867c698-e9f6-4865-973c-4de7edd5f896	AM	6b55f6e6-40d8-4f9a-9f80-7b8d54561e3f	The Other Side	1475393937
LuUiiiZzO	f867c698-e9f6-4865-973c-4de7edd5f896	AM	9a82ba08-6092-46d1-8708-dab160e1b581	A Complete Unknown	1475393792
LuUiiiZzO	9929a375-ccf4-4b8c-9b13-0026393fcb84	Yuck	a64f8ffe-e1d7-4718-86b8-b691f1ff6416	Shook Down	1474867005
LuUiiiZzO	c163f6f1-84c0-48fa-81c5-8129739b6c3c	Voxtrot	a7e0fbdf-c211-4663-a245-f542399c3eae	Raised by Wolves	1474866653
LuUiiiZzO	a05f88e0-d5a6-4851-89eb-e3f4726888bb	The Wooden Birds	9c3f0695-bc64-4f8e-9c53-873d98f173d3	Sugar	1474866278
LuUiiiZzO	6c8b9855-ba8b-48f9-ac1d-42167f7f7b18	The Shins	0255a2aa-4354-4555-9526-f0560cc5aa0d	Australia	1474865911
LuUiiiZzO	160d505d-0930-47e5-9093-b7efd64c8b8d	The Paddingtons	b911c359-1c16-4b45-b035-b49111fe80a7	Panic Attack	1474865448
LuUiiiZzO	49ae6caa-8ef9-4d77-91e7-b29aa5ae3cbc	The Crookes	1e01d6aa-3bc3-4f99-91eb-21c1a86f4aa8	Just Like Dreamers	1474865045
LuUiiiZzO	3b1c66fb-98ad-417f-b01e-49baf37f06a3	The Coral	8e30bef0-4b80-44d9-89ee-6937d70e0550	So Long Ago	1474864873
LuUiiiZzO	3b1c66fb-98ad-417f-b01e-49baf37f06a3	The Coral	ef97e186-258d-40fb-8a60-e69f0f6b580b	Late Afternoon	1474860795
LuUiiiZzO	c1b3e591-7851-4b27-8534-4d22329a7b06	Tennis	5ef8aa35-7846-44cf-a475-b592ad8b6af7	Never to Part	1474860514
LuUiiiZzO	c1b3e591-7851-4b27-8534-4d22329a7b06	Tennis	a209e127-f02a-4c21-9450-0690c110f14b	Take Me to Heaven	1474860308
LuUiiiZzO	a1c29c2f-778f-4b02-9ac7-80f0c37cdea9	Sondre Lerche	da7bb95a-aefe-4ef9-bea2-90868308d9f6	Wet Ground	1474859997
LuUiiiZzO	a1c29c2f-778f-4b02-9ac7-80f0c37cdea9	Sondre Lerche	47ed201a-71fa-4826-9a78-bdd7cc635a32	Days That Are Over	1474859745
LuUiiiZzO	a1c29c2f-778f-4b02-9ac7-80f0c37cdea9	Sondre Lerche	13930450-cb6a-47dc-959b-f3d1367e8976	Two Way Monologue	1474859400
LuUiiiZzO	a1c29c2f-778f-4b02-9ac7-80f0c37cdea9	Sondre Lerche	adec415a-78c0-4021-a904-8583390b4356	On the Tower	1474859169
LuUiiiZzO	c2c70ed6-5f10-445c-969f-2c16bc9a4c2e	Sixpence None the Richer	685c896a-f0e5-4750-a364-b3b06567e759	I Need Love	1474858690
LuUiiiZzO	c2c70ed6-5f10-445c-969f-2c16bc9a4c2e	Sixpence None the Richer	aa9ac06f-3aa1-489b-a54d-5947101627fc	There She Goes	1474858530
LuUiiiZzO	c2c70ed6-5f10-445c-969f-2c16bc9a4c2e	Sixpence None the Richer	92685d54-84cd-477f-86bd-43ab4d10b3ea	Dancing Queen	1474858116
LuUiiiZzO	87e58b4e-465c-4d8b-bfee-9c49ca8b7358	Born Ruffians	ca4b3378-eebc-4d78-96be-ec7205252b15	Barnacle Goose	1474857269
LuUiiiZzO	d5cc67b8-1cc4-453b-96e8-44487acdebea	Beach House	9af43633-e479-418b-874d-0c4abc4cfa48	Take Care	1474857002
LuUiiiZzO	150e799b-3244-45d9-a6cb-5a3e8c33d430	Adam Green & Binki Shapiro	28ca896a-e002-4271-ad3c-a922280b6963	Casanova	1474855754
LuUiiiZzO	a5f649af-a07e-4e9b-884e-0d4f05573eb5	Akira Kosemura	8e815d9a-0cea-4594-b202-4cc13c034baa	Parterre	1474844495
LuUiiiZzO	a5f649af-a07e-4e9b-884e-0d4f05573eb5	Akira Kosemura	f0e111d5-c11c-4541-9945-34bb24fe637d	Departure	1474844299
LuUiiiZzO	a5f649af-a07e-4e9b-884e-0d4f05573eb5	Akira Kosemura	7edd77b4-6492-445d-8682-a216fa719b21	Overture	1474844231
LuUiiiZzO	150e799b-3244-45d9-a6cb-5a3e8c33d430	Adam Green & Binki Shapiro	76eaf60d-630e-4e7d-a437-d445373ad8ff	I Never Found Out	1474843594
LuUiiiZzO	150e799b-3244-45d9-a6cb-5a3e8c33d430	Adam Green & Binki Shapiro	f334b8ea-db0e-48ec-9328-3ddbe4488105	Pleasantries	1474843468
LuUiiiZzO	150e799b-3244-45d9-a6cb-5a3e8c33d430	Adam Green & Binki Shapiro	8c446910-c481-474d-8fcf-b528a59e85bd	If You Want Me To	1474843325
LuUiiiZzO	150e799b-3244-45d9-a6cb-5a3e8c33d430	Adam Green & Binki Shapiro	04fc98ba-6e62-4cbd-98fc-0f5196d7046d	Pity Love	1474843157
LuUiiiZzO	150e799b-3244-45d9-a6cb-5a3e8c33d430	Adam Green & Binki Shapiro	28ca896a-e002-4271-ad3c-a922280b6963	Casanova	1474842988
LuUiiiZzO	150e799b-3244-45d9-a6cb-5a3e8c33d430	Adam Green & Binki Shapiro	e74ec4e6-e561-4cd3-8653-9ba0622f08a5	Just To Make Me Feel Good	1474842789
LuUiiiZzO	150e799b-3244-45d9-a6cb-5a3e8c33d430	Adam Green & Binki Shapiro	354a9608-6953-4ee9-b2c4-c311f23b598d	Here I Am	1474842580
LuUiiiZzO	63aa26c3-d59b-4da4-84ac-716b54f1ef4d	Tame Impala	74bbaf1e-220c-4329-b494-bcfd7da17ec0	Feels Like We Only Go Backwards	1474774614
LuUiiiZzO	45fc1a1c-6b33-4a2b-b517-d8bca372b7b0	Ezra Furman	327ee2c4-34eb-4f85-a90b-3a99f2d46f76	Sinking Slow	1472605514
LuUiiiZzO	45fc1a1c-6b33-4a2b-b517-d8bca372b7b0	Ezra Furman	29b0753f-7a8d-45b1-b8ea-c038d0dd7b54	Lay in the Sun	1472605297
danman_d	95f7536d-b2f7-4087-8668-a663ec201f5a	Sleigh Bells	35b40c21-2690-495f-b096-e82a3c2899e2	Run The Heart	1477082925
danman_d	95f7536d-b2f7-4087-8668-a663ec201f5a	Sleigh Bells	6114196a-3b53-4f48-b16e-35749732d493	Infinity Guitars	1477082773
danman_d	95f7536d-b2f7-4087-8668-a663ec201f5a	Sleigh Bells	894979c5-0a5c-43f7-9249-027313f44379	Riot Rhythm	1477082617
danman_d	95f7536d-b2f7-4087-8668-a663ec201f5a	Sleigh Bells	18cfe09b-f171-46fb-aedc-9fafd184d497	Kids	1477082452
danman_d	95f7536d-b2f7-4087-8668-a663ec201f5a	Sleigh Bells	a398c682-315e-4e4f-b4b6-d0820512bd8f	Crush	1477081534
danman_d	95f7536d-b2f7-4087-8668-a663ec201f5a	Sleigh Bells	667b23f2-3c2d-4c04-9474-49b2c50acd99	Born to Lose	1477081301
danman_d	95f7536d-b2f7-4087-8668-a663ec201f5a	Sleigh Bells	9b7d308a-5d34-4ab3-9ef8-b1c6f92e2b26	True Shred Guitar	1477081161
danman_d	95f7536d-b2f7-4087-8668-a663ec201f5a	Sleigh Bells	36586279-afd6-44c2-ada4-0541766c744c	Comeback Kid	1477080890
danman_d	95f7536d-b2f7-4087-8668-a663ec201f5a	Sleigh Bells	ec49a5e8-d6f1-4a8b-b9f7-401fa73b71c6	Bitter Rivals	1477080690
danman_d	cc35e35b-0aaf-40de-8570-a1b1d8825254	Discovery	fb444f14-8862-41a0-b363-352b66092ab2	Swing Tree	1477060148
danman_d	cc35e35b-0aaf-40de-8570-a1b1d8825254	Discovery	f89ba150-aab6-4dd1-8477-87f83a6afd8d	So Insane	1477059937
danman_d	cc35e35b-0aaf-40de-8570-a1b1d8825254	Discovery	9a898f5a-dcca-4946-8563-65f05466b687	Orange Shirt	1477059561
danman_d	cc35e35b-0aaf-40de-8570-a1b1d8825254	Discovery	fb444f14-8862-41a0-b363-352b66092ab2	Swing Tree	1477059381
danman_d	ff7103c5-da9e-434d-b8aa-037424ba45ad	Solange	de598f9e-6dd3-45db-b056-d8923788c88d	Cash In	1476996159
danman_d	ff7103c5-da9e-434d-b8aa-037424ba45ad	Solange	d876fdac-dec7-4960-abd7-13d3115495a4	Bad Girls (Verdine version)	1476995840
danman_d	ff7103c5-da9e-434d-b8aa-037424ba45ad	Solange	aad47c67-fcf8-4225-8b75-fbf5d729c594	Sleep In The Park (Twin Shadow Remodel feat. D'Angelo Lacy)	1476995492
danman_d	ff7103c5-da9e-434d-b8aa-037424ba45ad	Solange	dd5d0c57-2b43-492f-988c-34c8a411a6e6	Losing You	1476995231
danman_d	1f69a621-0a8f-46e2-b5b7-f19149cbce67	Sweet Valley	be6d0eb2-bd47-46a4-8e93-e79cf27ca505	EIGHT	1476981255
danman_d	1f69a621-0a8f-46e2-b5b7-f19149cbce67	Sweet Valley	08377210-be20-49e3-a6ff-a209d3038113	SIDEWALK SURFER	1476981082
danman_d	1f69a621-0a8f-46e2-b5b7-f19149cbce67	Sweet Valley	ded93a5f-9627-4c2e-b35c-bfa79daf6679	Stay Calm	1476980889
danman_d	1f69a621-0a8f-46e2-b5b7-f19149cbce67	Sweet Valley	32a5e27a-717d-4ce5-841e-6ab1849d58b2	DUNK DREAMS 95	1476980752
danman_d	1f69a621-0a8f-46e2-b5b7-f19149cbce67	Sweet Valley	baa707a2-0fa7-4803-a59a-aeee741d941b	MALIBU GAMES	1476980611
danman_d	1f69a621-0a8f-46e2-b5b7-f19149cbce67	Sweet Valley	24a557ea-31ed-4d11-9d4e-e86ca493d5ef	SUZUKA 9 HOURS	1476980424
danman_d	1f69a621-0a8f-46e2-b5b7-f19149cbce67	Sweet Valley	98ab7f2d-148e-4d40-b161-201ce91efec3	TOTAL CARNAGE	1476980280
danman_d	1f69a621-0a8f-46e2-b5b7-f19149cbce67	Sweet Valley	2553a493-ce4c-4cc8-a6bc-dbc878e33032	VALLEY VIKING	1476980250
danman_d	7d0e8067-10b9-4069-95dc-1110a0fbb877	Vulfpeck	0f36f8b9-86b4-49d0-ab8e-04275590f039	1612	1476728871
danman_d	7d0e8067-10b9-4069-95dc-1110a0fbb877	Vulfpeck	2f474f81-a4a1-4a8e-942b-f9a4ae46e32d	Fugue State	1476728710
FlipFlopDrums	cd223739-863e-4094-b484-0f75e214857e	Mr. Little Jeans	8cb107f9-3cc6-434f-947d-83eeb652b4cf	The Suburbs	1344536455
FlipFlopDrums	cc98f9e4-52b6-42bd-8657-5614e11fb96a	Éric Lapointe	d826c69a-7e66-4ddb-99b1-a0a4d2473c63	Mon ange	1344536151
FlipFlopDrums	1be24d65-87a3-4df6-b914-7e330de47239	Damien Robitaille	111c9f3d-2133-43ce-8139-11a32ac53c72	Jésus nous a dit	1344535913
FlipFlopDrums	adc7f206-e543-4ce3-8493-c513eae6d943	Émilie Proulx	78f677b8-b69b-4018-8f0c-153274a27fd8	Say Something Now	1344535664
FlipFlopDrums	e006435b-23f6-47ff-be46-0c614d4a2c3e	Bonjour Brumaire	12e69abd-f77d-4511-85bc-f22d6a554606	Prunelle	1344535401
FlipFlopDrums	d8640adc-c6c2-465c-9a43-0f11d37ab5fd	Grafton Primary	b56cc36a-4329-4f95-bed5-bbdc86abff8e	Sos Hello	1344535147
FlipFlopDrums	891fccfc-24c1-4bfd-bf49-c736e59e443f	3 gars su'l sofa	9f24cf40-2f9f-4557-9006-03d6aca984fb	Véronique	1344534962
FlipFlopDrums	9157ad72-3893-47da-986a-0aa7313f7429	The Knocks	a6ce431c-1289-4c5a-a268-dc08ddc4d97b	R.O.Y.L.	1344534712
FlipFlopDrums	a320d461-a689-4946-a686-70a6eaebdffb	Mes Aïeux	47e7143b-2765-4807-af5b-77d4301b7257	Chaque jour	1344533517
FlipFlopDrums	b6e3d861-28fd-499c-a4c1-bebbdb526bec	Michel Rivard	ba7334b9-3b76-4cb0-8c89-530408b18851	La mémorable	1344533301
FlipFlopDrums	dd579e69-a9b9-4ebb-a0b0-97dd8a874f47	Kevin Parent	d620ba11-2277-4080-b32b-dbae9bf5f36d	So Hard To Get	1344533113
FlipFlopDrums	e006435b-23f6-47ff-be46-0c614d4a2c3e	Bonjour Brumaire	47d4e739-1ba1-4acd-810a-825cbc6b34cb	Brooklyn	1344532831
FlipFlopDrums	7aed304a-234f-4ae4-b5a4-d367b8090603	Reptar	5e266c64-e767-467f-b21a-263dc76d658e	Rainbounce	1344532550
FlipFlopDrums	41d9809e-41cf-4eee-b6e2-794ac9955c43	Loco Locass	243a9c5b-2e5d-4adc-80eb-bc74c3122fb1	Secondaire	1344532312
FlipFlopDrums	d996eadd-029d-4478-aa4b-fc9446653548	St. Lucia	b9cc6b04-36c8-4673-8664-0c639777f78d	Before The Dive	1344532031
FlipFlopDrums	0fb04a47-2c27-4598-9fbc-b90ac573cb97	Les Cowboys Fringants	b805599a-aab4-4d16-812a-db55219373a6	8 secondes	1344531751
FlipFlopDrums	6a3d87ad-dd71-4e8f-b8dd-78b61e0e7fe6	Bag Raiders	c3b9d302-8532-4e30-8bce-7b15dc4201d9	Castles In The Air	1344531536
FlipFlopDrums	9a7e883f-9a94-4f0f-8616-d4ce3cd7b49f	Les Trois Accords	371d2456-2ce3-4edc-992f-f6f4f7b7aa28	Lucille	1344531363
FlipFlopDrums	34191245-bbf8-4292-8524-931a8a143959	Xavier Caféïne	dd01a81b-e50d-43e4-8b15-089eae5529f1	1-2-3-4	1344531183
FlipFlopDrums	415a5366-c1eb-4cd8-b584-429cbf121317	VACATIONER	71acd67e-3978-405d-8dcc-cdc7b1b7bb50	Summer End	1344530964
FlipFlopDrums	7c1c3339-a698-45ef-b055-864d3f4cdd5f	Alexandre Désilets	4b62fe6e-213f-459e-a46e-420dc09fc791	CHANGER D'AIR	1344381697
FlipFlopDrums	1be24d65-87a3-4df6-b914-7e330de47239	Damien Robitaille	1a9fc594-d954-455e-90b3-06c77e61d9ca	Mot de passe	1344381486
FlipFlopDrums	92c0009e-55d7-465e-b896-aa19754e2809	Mara Tremblay	7c935ffd-966d-4037-8e93-cf5ded55c9eb	Sous les projectiles	1344381277
FlipFlopDrums	d8e41375-bd8d-4e39-9da7-f0c171e97086	Grouplove	52994416-6d77-4293-b250-6faa3355c2d3	Don't Say Oh Well	1344381115
FlipFlopDrums	a576cbea-20f8-46a8-a91d-8bca135b7ba0	Marie-Jo Thério	e5c9cff9-3a72-4975-a1f4-94ccace0d29e	Le Chant d'Hélium	1344380436
FlipFlopDrums	cd223739-863e-4094-b484-0f75e214857e	Mr. Little Jeans	302cebc9-6efb-441f-87ca-14b1dd7a394c	Angel	1344380230
FlipFlopDrums	41d9809e-41cf-4eee-b6e2-794ac9955c43	Loco Locass	40a06153-7cd4-4548-b49b-d573d963ce3e	Le but	1344379900
FlipFlopDrums	b04df404-eefa-4ae4-9f3e-ba220d9dce16	Pnau	265019e7-d521-4760-94d2-92bbc49938f1	Come Together	1344379556
FlipFlopDrums	1828f695-763c-4194-9b16-44c82bb0f9d1	Tanlines	c649adb4-6c87-441a-9074-d26f5d57e068	New Flowers	1344379304
FlipFlopDrums	acae000a-f592-419e-9a73-c5786b0f65c3	Les Breastfeeders	553b3dd3-ccb8-4c9b-91ec-ff4e0b971da0	Chanson pour destinée	1344379118
FlipFlopDrums	d8e41375-bd8d-4e39-9da7-f0c171e97086	Grouplove	9d75f4a4-a608-45d3-be4d-9964694a7386	Gold Coast	1344378761
FlipFlopDrums	584eadcd-e493-4c59-a1f2-9eea9ee399a3	Heartless Bastards	5ae6a969-2840-4932-86f9-da79e0a7d462	Low Low Low	1344378417
FlipFlopDrums	415a5366-c1eb-4cd8-b584-429cbf121317	VACATIONER	b001cb14-a884-40ad-8b4d-dbe868ba2959	Good As New	1344377898
FlipFlopDrums	0fb04a47-2c27-4598-9fbc-b90ac573cb97	Les Cowboys Fringants	e7cdb1cb-eaa7-45d4-aae3-ddc5ac716277	La manifestation	1344377428
FlipFlopDrums	a320d461-a689-4946-a686-70a6eaebdffb	Mes Aïeux	b08a78f0-aa2a-4cf4-8cef-39164b72a089	La dévire	1344377180
FlipFlopDrums	ad6dfe00-eabe-46a6-847b-5310eeab9cb9	Philippe B	55d9a0f9-f703-4316-9a51-30d83b8a99e9	California Girl	1344377021
FlipFlopDrums	e5b1d871-be9f-46c9-a0d4-5e05399f379f	Vulgaires Machins	58a18e22-a495-4a2d-93c3-4101ced05853	Triple meurtre et suicide raté	1344376880
FlipFlopDrums	d996eadd-029d-4478-aa4b-fc9446653548	St. Lucia	66b1a098-1df8-4fa4-9287-c1f484953dbc	Paper Heart	1344376401
FlipFlopDrums	47ee7e4e-3fa1-4a8b-b2ee-82a9b9136919	Hey Champ	ba490c53-5338-4767-8df4-a825c9d59286	Silver City	1344376148
FlipFlopDrums	d8e41375-bd8d-4e39-9da7-f0c171e97086	Grouplove	d6fa604d-af2c-49af-ba77-59f1e6a107a7	Getaway Car	1344375917
FlipFlopDrums	588e6e96-263c-446b-9a09-807079efbd02	Kids of 88	2c43ec6d-2db1-4cd8-a3db-5a0fc7788c73	Downtown	1344375727
FlipFlopDrums	34191245-bbf8-4292-8524-931a8a143959	Xavier Caféïne	257972e5-cc9c-4351-a244-c914a42520cf	Les Corbeaux	1344375401
FlipFlopDrums	9e103f85-7af7-41d7-b83b-49ba8f0c5abf	Of Monsters and Men	2d9227e3-0cbc-4548-942a-844ba33efd50	Love Love Love	1344375156
FlipFlopDrums	ad6dfe00-eabe-46a6-847b-5310eeab9cb9	Philippe B	2fbc7ed1-63d7-415c-a959-23b11616fa9d	Hypnagogie	1344374984
FlipFlopDrums	6a3d87ad-dd71-4e8f-b8dd-78b61e0e7fe6	Bag Raiders	b397c025-1b8e-4fe1-873c-a23f62d4c55d	Snake Charmer	1344374737
FlipFlopDrums	adc7f206-e543-4ce3-8493-c513eae6d943	Émilie Proulx	8594b509-0d4e-4973-bf2f-67d8a68df6fc	Montagnes russes, mini-tsunamis	1344374557
FlipFlopDrums	9a7e883f-9a94-4f0f-8616-d4ce3cd7b49f	Les Trois Accords	2147aa36-f24e-4939-9c6c-1b1c1bfa6c03	Saskatchewan	1344374252
FlipFlopDrums	9af2e75f-5eed-4008-88dc-d9491625434f	Malajube	11a5d54c-4fef-4263-82f8-87dba488dfd7	Pâte filo	1344374021
FlipFlopDrums	36458f44-792b-4d12-a41d-84208036d315	J Roddy Walston And The Business	891531de-8473-4e97-8dfd-76ad49ef4dff	Full Growing Man	1344373770
FlipFlopDrums	fac3ff34-6ba4-425a-8f01-b181ef4a908a	tUnE-yArDs	5792fbfd-1e89-4899-be63-84eccd88acf5	For You	1344373695
FlipFlopDrums	a320d461-a689-4946-a686-70a6eaebdffb	Mes Aïeux	59d1b86e-4c21-4461-8659-13e7422b25f3	Le déni de l'évidence	1344373429
FlipFlopDrums	735e3514-a8ae-401f-af3b-6300df1b8d2c	Caribou	913a3e4e-595c-405a-a66f-62faae38ff1b	Odessa	1344372836
FlipFlopDrums	e5b1d871-be9f-46c9-a0d4-5e05399f379f	Vulgaires Machins	82a91a4b-af57-491d-88ad-020b266272fc	Texture qui se mange	1344372644
FlipFlopDrums	9efff43b-3b29-4082-824e-bc82f646f93d	The Doors	6d5689a6-71ec-4177-b35d-c5977d210833	Strange Days	1344372443
FlipFlopDrums	7aed304a-234f-4ae4-b5a4-d367b8090603	Reptar	41ecd549-cdce-48ff-a79f-1629dccf499b	Sebastian	1344372137
FlipFlopDrums	7c1c3339-a698-45ef-b055-864d3f4cdd5f	Alexandre Désilets	070f7376-e376-4c20-8194-dd5ac6635786	À Pas De Géant	1344371955
FlipFlopDrums	34191245-bbf8-4292-8524-931a8a143959	Xavier Caféïne	32ff53f4-e1a8-411a-a28a-2ed62d915f2f	Montréal (Cette Ville)	1344371701
FlipFlopDrums	a320d461-a689-4946-a686-70a6eaebdffb	Mes Aïeux	413aa6dc-d313-4500-8812-6b0715d291a6	Antonio	1344371439
FlipFlopDrums	1be24d65-87a3-4df6-b914-7e330de47239	Damien Robitaille	d903a271-597e-40f1-be21-3c6e577970e2	Le touriste du temps	1344371131
FlipFlopDrums	7c1c3339-a698-45ef-b055-864d3f4cdd5f	Alexandre Désilets	196467f2-6285-4d85-8ba9-038359558962	À Moitié Fou	1344370896
FlipFlopDrums	d996eadd-029d-4478-aa4b-fc9446653548	St. Lucia	3339b10d-3ac2-4261-9a70-5b59bb31eb2e	We Got It Wrong	1344361587
FlipFlopDrums	6a3d87ad-dd71-4e8f-b8dd-78b61e0e7fe6	Bag Raiders	68e8e1b0-453a-48b5-ae49-6c973dd8eb45	Way Back Home	1344361369
FlipFlopDrums	7aed304a-234f-4ae4-b5a4-d367b8090603	Reptar	6e5afeab-8826-4072-a3ee-c1b05355777a	Blastoff	1344361139
FlipFlopDrums	0fb04a47-2c27-4598-9fbc-b90ac573cb97	Les Cowboys Fringants	0b6c08a2-4f8f-4edf-a9ea-d8956b670b54	Ti-cul	1344360946
FlipFlopDrums	15ea5a43-5e3a-46cb-a6b1-8504abb05240	La patère rose	241b789d-2d3e-45e2-957a-4bc3c29dec7c	Duet tacet	1344360759
FlipFlopDrums	735e3514-a8ae-401f-af3b-6300df1b8d2c	Caribou	86a984bc-7c6d-4194-85c4-35a0f79bcff5	Found Out	1344360534
FlipFlopDrums	356606f6-2a91-4366-bc68-713524ac6861	Moonface	93072583-18d9-447e-987c-8ea41a900b02	U Get So Give	1344360031
FlipFlopDrums	7c1c3339-a698-45ef-b055-864d3f4cdd5f	Alexandre Désilets	d61280cc-9c1c-4059-98bb-31c6a49a52e0	L'éphémère	1344359740
FlipFlopDrums	bca8073f-9a7e-45c8-81d2-c8a252de1a81	Vincent Vallières	c14019c9-edfa-453d-ad38-b127deeae02d	Entre Partout et Nulle Part	1344359529
FlipFlopDrums	c4ff10e0-ae5a-467d-a409-6e0b4bf241eb	Perfume Genius	8e326cab-2194-40a6-9d4d-f2fdf1563921	Never Did	1344359322
FlipFlopDrums	92c0009e-55d7-465e-b896-aa19754e2809	Mara Tremblay	2590ce24-46d4-4e94-a0cf-80379557f151	Hydrocarbone	1344359146
FlipFlopDrums	47ee7e4e-3fa1-4a8b-b2ee-82a9b9136919	Hey Champ	6d8f4acb-46b8-409c-afb8-bc0b40f8e1dc	Anything At All	1344358520
FlipFlopDrums	c4ff10e0-ae5a-467d-a409-6e0b4bf241eb	Perfume Genius	df6b3c0e-6d11-44bc-8c2f-6eb0b28cc7cb	Write to Your Brother	1344358405
FlipFlopDrums	41d9809e-41cf-4eee-b6e2-794ac9955c43	Loco Locass	2233b485-789c-4f70-be77-ff676f1b097e	Libérez-nous des libéraux	1344358038
FlipFlopDrums	93eb7110-0bc9-4d3f-816b-4b52ef982ec8	Metronomy	ec243417-d03d-4a71-960a-4307c1a66d1b	Hear To Wear	1344357825
FlipFlopDrums	e0546ff4-b8dd-45cb-bf8d-9696ea77bcaf	Here We Go Magic	68098727-f4a1-4b1c-9c8f-b0fce11a8bab	Casual	1344357487
FlipFlopDrums	bfcb6630-9b31-4e63-b11f-7b0363be72b5	The Lumineers	401cc897-5eda-4f69-8e07-3a65823a5998	Classy Girls	1344357320
FlipFlopDrums	39d64c18-3018-40b7-af86-b2f658a57b4d	Daniel Rossen	70fa8b94-1e66-42a5-830d-3230166830fe	Waterfall	1344357081
FlipFlopDrums	13f00a28-8fc1-425e-9452-18b4f465c4d2	Yann Perreau	ff9dff5b-c9bf-4a06-9bdc-86350677a7de	L'amour se meurt	1344356876
FlipFlopDrums	8d831383-b22b-4237-8059-12bee111e4b6	Twin Shadow	8932ccfa-3da1-4b69-b839-cff3a014c44c	Tether Beat	1344356654
FlipFlopDrums	36bfa85f-737b-41db-a8fc-b8825850ffc3	Pavement	5a6d98a8-fe47-4fca-b041-d163faf482e8	Cut Your Hair	1343853001
FlipFlopDrums	8dd98bdc-80ec-4e93-8509-2f46bafc09a7	Calvin Harris	38fcda6e-ef22-4f8b-a797-75284454f8aa	Neon Rocks	1343852773
FlipFlopDrums	e0546ff4-b8dd-45cb-bf8d-9696ea77bcaf	Here We Go Magic	3e4b9191-78ed-49a4-b727-de4f40f10326	Vegetable Or Native	1343852546
FlipFlopDrums	7b52603c-a84c-4a76-8dc8-899bb4dd9fa7	Digitalism	d671c978-03f6-400d-abab-d588983f7fdf	Miami Showdown	1343851863
FlipFlopDrums	d8f63b51-73e0-4f65-8bd3-bcfe6892fb0e	Ra Ra Riot	8145adff-2439-4a33-b095-270ac657e555	Too Dramatic	1343851678
FlipFlopDrums	bf0caafc-2b20-4e07-ab85-87e14ff430ce	Girls	58e64f7f-b751-41fc-aaaf-14c6f0ba2ae0	Jamie Marie	1343851399
FlipFlopDrums	03ad1736-b7c9-412a-b442-82536d63a5c4	Elliott Smith	1e3abf6b-f9dd-4ac8-ac16-98fa8de6595c	Let's Get Lost	1343851211
FlipFlopDrums	442d21f4-0e17-42a3-9391-fff4ad40dd45	Strange Talk	8387fc88-fe51-4f30-896f-d62b4e2ece06	Eskimo Boy	1343850973
FlipFlopDrums	78ff4965-0333-46e7-8e3d-d3c074af9eb1	Copy	66e180e2-d03f-4739-9256-d1884efb97e4	Plagiarhythm	1343850723
FlipFlopDrums	b95ce3ff-3d05-4e87-9e01-c97b66af13d4	Eminem	d8ccdc1e-1f6a-46ea-8065-bc523c44d978	Criminal	1343850397
hutmahbut	71fc5761-1ad7-4756-85ed-291d55bc677e	RX Bandits	3e75c260-7d82-4074-80b4-bfb5d6b7dc00	Sell You Beautiful	1352172524
hutmahbut	71fc5761-1ad7-4756-85ed-291d55bc677e	RX Bandits	5a1fdc47-4115-46c8-924d-f37634000100	Apparition	1352172093
hutmahbut	94777427-0d93-4217-96e0-db99823872fd	Pat Carroll	63e42d46-32ae-410d-93c5-226fab8f1e5d	Poor Unfortunate Souls	1352170672
hutmahbut	62d54f86-3b76-4934-9ed1-7d34c3a381de	Jodi Benson	088bfb58-7e77-4a3d-8cb1-8df054c15415	Part of Your World	1352170481
hutmahbut	50549203-9602-451c-b49f-ff031ba8635c	Dashboard Confessional	ba137ee0-c55d-4880-9d60-2f9310d9f88f	This Bitter Pill	1352169879
hutmahbut	8dacf242-9bf7-44f5-b2eb-18305b904551	Something Corporate	ff88a6b2-40b7-4a96-af67-8000dcc8e40a	Konstantine	1352169256
hutmahbut	28955336-2348-488a-9381-e3a7b0107343	The Band Perry	3cecab41-bfa3-4fb4-a60a-b2a170e6e33b	If I Die Young	1352169078
hutmahbut	afb680f2-b6eb-4cd7-a70b-a63b25c763d5	Bruno Mars	15274cfe-4a96-4761-a01f-4fb99afc04d3	It Will Rain	1352168615
hutmahbut	44c64a30-1d58-49c5-b314-6e02fba49526	久石譲	09bf15ab-d422-4902-be6b-c2d314099e1f	Carrying You	1341511885
hutmahbut	1008b912-cbb1-4e4c-bd4d-b9adf6937e8e	嵐	eaea8425-3e74-488d-a2f3-32c1f1bebfc3	Carry on	1341511402
hutmahbut	fc816e64-4b43-44d1-8a85-9bdf3a1b8120	レミオロメン	3ed9e2df-deea-4a54-abba-1f58a15c78ba	Konayuki	1341511214
hutmahbut	71fc5761-1ad7-4756-85ed-291d55bc677e	RX Bandits	5a1fdc47-4115-46c8-924d-f37634000100	Apparition	1341510726
hutmahbut	f27ec8db-af05-4f36-916e-3d57f91ecf5e	Michael Jackson	c5b35ce8-90c9-4ac3-b733-e9292bfaea82	I'll Be There	1341510486
hutmahbut	b10bbbfc-cf9e-42e0-be17-e2c3e1d2600d	The Beatles	06bfd54f-1550-4830-9e36-e8496a73ae4d	Glass Onion	1341510309
hutmahbut	9dc9f4b0-a7b4-43c5-8f6b-fcd43c426a4b	Mandy Moore	de45154f-2d6b-421b-b234-dea995e217ab	Only Hope	1341510075
hutmahbut	494e8d09-f85b-4543-892f-a5096aed1cd4	Mariah Carey	fae9a04c-0522-4553-8f71-49ef6a8107af	Butterfly	1341509798
hutmahbut	13655113-cd16-4b43-9dca-cadbbf26ee05	Nelly Furtado	2729eb0f-497e-4c81-9060-fe75a4e6eeb6	All Good Things (Come to an End)	1341509490
hutmahbut	edcea99a-630e-4567-a5b8-21b4c4a01ae2	Brand New	136026dc-82f7-4ba2-a73d-fcb6e824a553	Magazines	1341509117
hutmahbut	4580d83b-093e-4241-91fb-2dd71f5f1f3f	Carpenters	989d6d12-3dd9-4411-98e2-7506e2833710	(They Long To Be) Close To You	1341508472
hutmahbut	fad2875e-ba81-4637-b859-4684622dcb1c	Kimbra	78ef39e2-8739-4847-a578-070b54582251	Something in the Way You Are	1341508284
hutmahbut	fad2875e-ba81-4637-b859-4684622dcb1c	Kimbra	cb7f262b-e682-421e-a4e9-f6f6dd16a698	Settle Down	1341508042
hutmahbut	33ca19f4-18c8-4411-98df-ac23890ce9f5	Ellie Goulding	5ae0362b-cc0d-448e-a6d8-25aaffed6824	Starry Eyed	1341507893
hutmahbut	33ca19f4-18c8-4411-98df-ac23890ce9f5	Ellie Goulding	61f70574-76b4-4cf4-95f7-c1ffde61da82	Guns and Horses	1341507678
hutmahbut	33ca19f4-18c8-4411-98df-ac23890ce9f5	Ellie Goulding	84be9afc-5e15-4cbf-81b5-1be9ec60fc51	Lights	1341506934
hutmahbut	82eb8936-7bf6-4577-8320-a2639465206d	Jason Mraz	582c05bc-4dd0-4339-ba2a-54d51c97eb73	A Beautiful Mess	1334719373
hutmahbut	cc2c9c3c-b7bc-4b8b-84d8-4fbd8779e493	Adele	d1e0a99e-1894-457b-ba6a-985eeef4d0c4	Set Fire to the Rain	1330055891
hutmahbut	cc2c9c3c-b7bc-4b8b-84d8-4fbd8779e493	Adele	92dbc9a0-22f6-4dd2-82f8-b31c257a9fa4	Turning Tabels	1330055028
hutmahbut	cc2c9c3c-b7bc-4b8b-84d8-4fbd8779e493	Adele	d1e0a99e-1894-457b-ba6a-985eeef4d0c4	Set Fire to the Rain	1330054784
hutmahbut	1008b912-cbb1-4e4c-bd4d-b9adf6937e8e	嵐	e81b6a62-5fbc-4c2f-a339-42ee069afe45	Tokei Jikake no Umbrella	1327716303
hutmahbut	1008b912-cbb1-4e4c-bd4d-b9adf6937e8e	嵐	c6b6d33f-fc7f-4682-8396-99c579381ad1	Thank you for my days	1327715772
hutmahbut	1008b912-cbb1-4e4c-bd4d-b9adf6937e8e	嵐	ed3733fe-fb92-441e-989a-34415cda9934	WISH	1327714302
hutmahbut	1008b912-cbb1-4e4c-bd4d-b9adf6937e8e	嵐	ceda3ec7-f508-4dab-a27b-0fa369a3f4f0	Crazy groundの王様	1327629798
hutmahbut	1008b912-cbb1-4e4c-bd4d-b9adf6937e8e	嵐	facf54de-3bf2-49c7-83d5-26628a788409	ROCK YOU	1327629332
hutmahbut	1008b912-cbb1-4e4c-bd4d-b9adf6937e8e	嵐	80c253bc-9b29-4f68-9451-2fbca7eedc9a	RIGHT BACK TO YOU	1327629066
hutmahbut	1008b912-cbb1-4e4c-bd4d-b9adf6937e8e	嵐	74c030ff-cbca-4f1a-b9a0-779a1697b882	kitto daijoubu	1327628755
hutmahbut	1008b912-cbb1-4e4c-bd4d-b9adf6937e8e	嵐	9ea39d46-cdf7-446b-b33f-c7d92f5747d9	The Bubble	1327628461
hutmahbut	0eedfc95-e79a-4fd9-832a-cd816a0b3fda	Lady Antebellum	a7e9c3c2-53e1-4a72-aaa4-61cd301d8a2b	Can't Take My Eyes Off You	1327552699
hutmahbut	1008b912-cbb1-4e4c-bd4d-b9adf6937e8e	嵐	8dde7a26-d4c5-40b2-ae45-e3774d015740	truth	1327541391
hutmahbut	1008b912-cbb1-4e4c-bd4d-b9adf6937e8e	嵐	ac7353d7-6ac5-416b-8fc3-a77b3adc4c22	PIKA☆NCHI	1327541082
hutmahbut	1008b912-cbb1-4e4c-bd4d-b9adf6937e8e	嵐	e015eaec-def6-427f-b931-9e28aba4799e	Still...	1327456469
hutmahbut	1008b912-cbb1-4e4c-bd4d-b9adf6937e8e	嵐	f91f659f-b001-4fd5-863d-f287c03d8c94	Easy Crazy Break Down	1327455929
hutmahbut	1008b912-cbb1-4e4c-bd4d-b9adf6937e8e	嵐	9e0d6ea1-d24c-4fe8-9944-3ad32e8b00fc	Love Situation	1327455668
hutmahbut	1008b912-cbb1-4e4c-bd4d-b9adf6937e8e	嵐	6e8d0582-af47-4c4b-96ef-e713d2a4f0fe	Super fresh	1327455411
hutmahbut	cc197bad-dc9c-440d-a5b5-d52ba2e14234	Coldplay	3af0af54-9c93-4578-9128-d04054286ba3	Fix You	1323541645
hutmahbut	82eb8936-7bf6-4577-8320-a2639465206d	Jason Mraz	582c05bc-4dd0-4339-ba2a-54d51c97eb73	A Beautiful Mess	1321207901
hutmahbut	82eb8936-7bf6-4577-8320-a2639465206d	Jason Mraz	582c05bc-4dd0-4339-ba2a-54d51c97eb73	A Beautiful Mess	1321132087
hutmahbut	82eb8936-7bf6-4577-8320-a2639465206d	Jason Mraz	582c05bc-4dd0-4339-ba2a-54d51c97eb73	A Beautiful Mess	1321131750
hutmahbut	82eb8936-7bf6-4577-8320-a2639465206d	Jason Mraz	582c05bc-4dd0-4339-ba2a-54d51c97eb73	A Beautiful Mess	1321131416
hutmahbut	82eb8936-7bf6-4577-8320-a2639465206d	Jason Mraz	582c05bc-4dd0-4339-ba2a-54d51c97eb73	A Beautiful Mess	1321130682
hutmahbut	7bd9e20e-74b9-446a-a2ed-a223f82a36e7	Cyndi Lauper	f7cb52c2-b788-478f-af39-d29691b98f51	Time After Time	1318697379
hutmahbut	afb680f2-b6eb-4cd7-a70b-a63b25c763d5	Bruno Mars	d7a442fe-c87c-428f-adbf-1c0d3d88ae6a	Grenade	1318697137
hutmahbut	afb680f2-b6eb-4cd7-a70b-a63b25c763d5	Bruno Mars	a8956c11-749a-4fdb-885a-86542bcf204a	Marry You	1318696913
hutmahbut	82eb8936-7bf6-4577-8320-a2639465206d	Jason Mraz	34487e10-279c-46a1-9420-afa945b4671c	Please Don't Tell Her	1318696683
hutmahbut	fd857293-5ab8-40de-b29e-55a69d4e4d0f	Muse	11c01f77-0931-486e-b31c-1278b4f4441a	Supermassive Black Hole	1318695667
hutmahbut	8dacf242-9bf7-44f5-b2eb-18305b904551	Something Corporate	ff88a6b2-40b7-4a96-af67-8000dcc8e40a	Konstantine	1318694549
hutmahbut	0307edfc-437c-4b48-8700-80680e66a228	Whitney Houston	7bb4d31f-8470-43b3-91a9-adb8be434b0a	I Have Nothing	1318693450
hutmahbut	7d75def9-7b9e-45f4-9437-22601c5dc862	Tsunami Bomb	a1af2c3c-bebb-4974-9d3a-fdc01cfb6cd3	Obligation	1318693144
hutmahbut	c48d4327-8122-4286-af66-05e1ee6ac4d8	Mazzy Star	2fb9bc6b-d4da-497e-ad3f-fabf12fe72cf	Fade Into You	1318692973
captaincrutch	8e524351-f985-4c41-81ae-24a6c95f755c	Mree	2846c80c-9a39-44d5-a97a-2751ecd3626a	Lift Me Up	1459991807
captaincrutch	e5712ceb-c37a-4c49-a11c-ccf4e21852d4	Troye Sivan	d5de9e9a-2233-48ff-8dc7-b7cf686e1145	The Fault in Our Stars	1458870432
captaincrutch	e5712ceb-c37a-4c49-a11c-ccf4e21852d4	Troye Sivan	0c15ba04-1d19-4a2a-8581-7fc2b7b1e193	The Fault in Our Stars (MMXIV)	1458870192
captaincrutch	e5712ceb-c37a-4c49-a11c-ccf4e21852d4	Troye Sivan	6e6053d6-6f4b-49b1-8a34-04875106345f	Happy Little Pill	1458869967
captaincrutch	e5712ceb-c37a-4c49-a11c-ccf4e21852d4	Troye Sivan	0c15ba04-1d19-4a2a-8581-7fc2b7b1e193	The Fault in Our Stars (MMXIV)	1458869774
captaincrutch	e5712ceb-c37a-4c49-a11c-ccf4e21852d4	Troye Sivan	87bd84ef-df0d-47c0-9f75-e6f947c6b7f2	Gasoline	1458869568
captaincrutch	e5712ceb-c37a-4c49-a11c-ccf4e21852d4	Troye Sivan	5c50bbba-c56d-4a31-9bb9-be658d4cf3df	Fun	1458869360
captaincrutch	e5712ceb-c37a-4c49-a11c-ccf4e21852d4	Troye Sivan	4613b7a6-bc7f-42b0-8cee-aef7862ca2fb	Touch	1458869144
captaincrutch	e5712ceb-c37a-4c49-a11c-ccf4e21852d4	Troye Sivan	6e6053d6-6f4b-49b1-8a34-04875106345f	Happy Little Pill	1458868841
