Magna_Deus;United Kingdom;;;;;
curseyoursoul;United States;;;;;
Joelmellor;United Kingdom;;;;;
mazaroony10;United Kingdom;;;;;
Nouge;United Kingdom;;;;;
russiansquares;United Kingdom;;;;;
mahaag;Brazil;;;;;
tselaht;;;;;;
LuUiiiZzO;United States;;;;;
danman_d;United States;;;;;
FlipFlopDrums;;;;;;
hutmahbut;United States;;;;;
captaincrutch;United States;;;;;
FDDT;Mexico;;;;;
merugo;United States;;;;;
amy111;Slovenia;;;;;
IamtheMessenger;United States;;;;;
confusedimified;United States;;;;;
Kyhamm18;United States;;;;;
DolmenRage;Mexico;;;;;
fatalrose;United States;;;;;
whateveralesme;United States;;;;;
bananashoes;United States;;;;;
gloria978;Italy;;;;;
gonnastartawar;;;;;;
crazyspine;United States;;;;;
Jessicockk;;;;;;
joellibelli;Switzerland;;;;;
aklostcontrol;United States;;;;;
unswivel;United Kingdom;;;;;
jumpercablelips;United States;;;;;
aqua_aqua;United States;;;;;
Gottaseeemlive;Bahamas;;;;;
sd727;United States;;;;;
tc11collins;United States;;;;;
mhetrick04;United States;;;;;
FabiusGallus;;;;;;
lord_grausam;Germany;;;;;
Zeritas;Germany;;;;;
TheFudge;Germany;;;;;
KampfKaetzchen;Germany;;;;;
tYhJyYsRuLeS;Germany;;;;;
matilov;Chile;;;;;
paralosarboless;Chile;;;;;
mistakesmisfits;Chile;;;;;
gaspargasparg;Chile;;;;;
elpablim;Argentina;;;;;
cokevas;Chile;;;;;
roerttt;;;;;;
Lukas_Hardy;Chile;;;;;
Gustavo_vdb;Chile;;;;;
the_wurlitzer;Chile;;;;;
en-el-limite;Chile;;;;;
Frugeleitor;Burkina Faso;;;;;
droogo_mode;Chile;;;;;
bomshalala;Chile;;;;;
pcosialls;Chile;;;;;
delegor;Chile;;;;;
maurosonic;Chile;;;;;
pablo_vas;Chile;;;;;
oscarfbv;Chile;;;;;
Javymoreno;Chile;;;;;
JulianGrim;Colombia;;;;;
hardtimestolive;Chile;;;;;
Natu1024;Chile;;;;;
doublejarvis;Chile;;;;;
Vitoco13;Chile;;;;;
ranciedad;;;;;;
vuelaconesto;Chile;;;;;
uke-le;Chile;;;;;
Fabianowsky;Chile;;;;;
Lycanthr0py;;;;;;
Constaanza_;Chile;;;;;
resonaance;Chile;;;;;
Bruxemi;Chile;;;;;
Pauline_Ringo;Chile;;;;;
Frankuups;Chile;;;;;
Matias_vera;Chile;;;;;
mr_newsman;Chile;;;;;
jano_onate;Chile;;;;;
See_theworld;Chile;;;;;
couragedotcom;Chile;;;;;
feel_seasick;Chile;;;;;
Callthenurse-;Chile;;;;;
danitineller;Chile;;;;;
shutup__;Chile;;;;;
otipoti;Chile;;;;;
lokadepatio;Chile;;;;;
littlegannon;;;;;;
iansandlin;United States;;;;;
SphsFlrbrd;Canada;;;;;
ishmurat0v;;;;;;
fglots;Brazil;;;;;
criscampioti;;;;;;
Galadrius;Brazil;;;;;
DuduDorscheidt;Brazil;;;;;
SurvivorZer0;Brazil;;;;;
Nubobot;Brazil;;;;;
faketheliar;Brazil;;;;;
BlackSheepSA;Brazil;;;;;
larilmc;Brazil;;;;;
undeadviktor_;;;;;;
Mycurrentreplay;Ukraine;;;;;
osmarcianos;Brazil;;;;;
FernandovisK;Brazil;;;;;
Leandro0J;Brazil;;;;;
Mic_28;Japan;;;;;
ac_silva;Brazil;;;;;
imsakura_;Brazil;;;;;
f_ckyoubaby;Brazil;;;;;
harubis;Brazil;;;;;
robertopalheta;Brazil;;;;;
abeliaaden;United Kingdom;;;;;
kallekc;;;;;;
ramonztro;Brazil;;;;;
chikletinho;Brazil;;;;;
gabitches;Brazil;;;;;
jeenerym;Brazil;;;;;
RayoneSilva;Brazil;;;;;
cigarettsmoke;Brazil;;;;;
eutenhoumalien;Brazil;;;;;
Juliandradee;;;;;;
versutia;Brazil;;;;;
veronicadranka;;;;;;
dgmarcondes;;;;;;
pereiragoulart;Brazil;;;;;
rainhadopaint;Brazil;;;;;
jevaisseule;;;;;;
xixiliax;Brazil;;;;;
smarcon;;;;;;
Markurgh;Brazil;;;;;
AlefeVariani;Brazil;;;;;
Renatoplins;Brazil;;;;;
vivianbertoni;Brazil;;;;;
thisissabila;;;;;;
Jeane30;Brazil;;;;;
annatoytoyl;United Kingdom;;;;;
hummer_;Brazil;;;;;
leticialves01;Brazil;;;;;
cr0ssfader;;;;;;
tweek7684;United States;;;;;
moo;;;;;;
eg0n;United States;;;;;
mypetrobot;United States;;;;;
elgrande;United States;;;;;
mwoudszer;United States;;;;;
Vulpine7760;United States;;;;;
annabernadska;United Kingdom;;;;;
irozwad;Poland;;;;;
poweroflies;Poland;;;;;
Quiantes;Russian Federation;;;;;
redactorstudio;Russian Federation;;;;;
albertalan;Poland;;;;;
volumme;Poland;;;;;
plih;Poland;;;;;
ocockta;Poland;;;;;
mintaj78;;;;;;
rainscream;Poland;;;;;
corny14;Poland;;;;;
deep_32;Poland;;;;;
vil79;Poland;;;;;
niepytaj;;;;;;
V-Tom;Poland;;;;;
vanillaessence;Poland;;;;;
notwistgirl;Nepal;;;;;
Szatananiada;;;;;;
muflons;;;;;;
dysharmo;Poland;;;;;
TiberiusKirk;Poland;;;;;
alabiala;Poland;;;;;
ellecanelle;Poland;;;;;
whysy;Poland;;;;;
klosz;Poland;;;;;
trelamorela;Poland;;;;;
Gargameluszysko;;;;;;
cherooke23;Poland;;;;;
fisza;Poland;;;;;
staytune;Poland;;;;;
Herr_Covarubias;Poland;;;;;
zukerino;Poland;;;;;
jarmoszka;Poland;;;;;
unfallino;Yemen;;;;;
mudhuh;Poland;;;;;
izba;Poland;;;;;
teenst;Japan;;;;;
ruu_synthesuzer;Japan;;;;;
silkyblackgold;United States;;;;;
hiyori_mako;Japan;;;;;
nyjunkies;Japan;;;;;
ksk_tang;;;;;;
kannnaha;Japan;;;;;
tigetika;;;;;;
Gothic_2P;Japan;;;;;
yunonymous;;;;;;
laputa402;Japan;;;;;
YYY_TTT;Japan;;;;;
youjo_2P;Japan;;;;;
semcrn;Japan;;;;;
Hopuai;;;;;;
sakuyan;Japan;;;;;
tyia;;;;;;
NotIneet;Japan;;;;;
Spacedawgs;United States;;;;;
Asianheart;Turkey;;;;;
last4sine;Japan;;;;;
higeDX;Japan;;;;;
SioN_xanadu;Japan;;;;;
Culturalstudie;Japan;;;;;
bstronga;Germany;;;;;
alvren;Brazil;;;;;
jyopami;Japan;;;;;
relfybeats;Netherlands;;;;;
higasuxi;;;;;;
rendimaza;United States;;;;;
heavenchil;Japan;;;;;
maluo;Japan;;;;;
off_topic;Reunion;;;;;
jazzquisite;;;;;;
Kudlaty1969;Poland;;;;;
fabisiowa;Poland;;;;;
ekscentryczny;;;;;;
gongasf;Portugal;;;;;
Jackal13;United States;;;;;
Slipknot1988;Poland;;;;;
djrd1234;Poland;;;;;
Paulina_Bischof;Poland;;;;;
Przew;Poland;;;;;
truepubber;Poland;;;;;
MaxRossi;Poland;;;;;
elvin101;Poland;;;;;
Amorphead;;;;;;
shikshi-guru;Russian Federation;;;;;
JOXXXX;Poland;;;;;
JamesFatalist;Poland;;;;;
jvictorrock;Brazil;;;;;
skowrons;Poland;;;;;
SomniumVII;Poland;;;;;
Boczar-Czarny;;;;;;
andaira3;Poland;;;;;
Carter-k;Poland;;;;;
Muciatek;Poland;;;;;
ekonobrocka;Poland;;;;;
DimitrisN;Greece;;;;;
stupa1989;Poland;;;;;
Legato_Pain;Brazil;;;;;
playmefast;Russian Federation;;;;;
Falcon1989;Poland;;;;;
sciahoo;Poland;;;;;
ScarTissue94;Poland;;;;;
pi0tr3x;Poland;;;;;
SnakeEyeRaf1;United Kingdom;;;;;
seiferatus;Poland;;;;;
leoncio90;Poland;;;;;
dzinks003;Poland;;;;;
alibalighi;Iran, Islamic Republic of;;;;;
Hobosammich;United States;;;;;
labegonita;Germany;;;;;
Herr-Schmidt;;;;;;
Parkrocker;Germany;;;;;
LiLaLauraStar;;;;;;
slith76;;;;;;
Frederic666;Germany;;;;;
metz_bleed;;;;;;
Epistoteles;Germany;;;;;
patheticmoleste;Germany;;;;;
aitvaros;Germany;;;;;
iscariah666;Germany;;;;;
mr-greeen;Germany;;;;;
Theresa_Dunn;Costa Rica;;;;;
starla747;Costa Rica;;;;;
petipoa;Costa Rica;;;;;
shaq85;Costa Rica;;;;;
mrbobcr;Costa Rica;;;;;
mariangel117;;;;;;
jiiimmmyyyy;United States;;;;;
soymilkpapi;United States;;;;;
Klitermnistra;;;;;;
abeliaaden;United Kingdom;;;;;
Pinkerton-;;;;;;
HarryyJW;United Kingdom;;;;;
Vlad-Pants;United Kingdom;;;;;
MaxDavidoffGrey;;;;;;
zuramone;;;;;;
cafiraimundo669;Portugal;;;;;
doca297;;;;;;
aryanischal;India;;;;;
NecroPwnr;;;;;;
Azderel;Chile;;;;;
ChickiMcNugget;Switzerland;;;;;
NemeSys21;Portugal;;;;;
dxvolt;Portugal;;;;;
Pedrogmr;Portugal;;;;;
AlexDAkerfeldt;Spain;;;;;
darkvaderz666;Portugal;;;;;
donadianasilva;Portugal;;;;;
Darkfall_;Russian Federation;;;;;
Can-kut;Turkey;;;;;
christopher_jrm;Portugal;;;;;
guilherme2707;Brazil;;;;;
TommyTraumatic;Portugal;;;;;
Binho0;Brazil;;;;;
InHerShadow;Portugal;;;;;
kimpt;Portugal;;;;;
jmiranda000;Portugal;;;;;
CABRALISTADOR;;;;;;
nunomgl;Portugal;;;;;
Hex_90;Spain;;;;;
Rhapy;Estonia;;;;;
fscm;Portugal;;;;;
Aarin;Portugal;;;;;
Wisdoom;Portugal;;;;;
FranciscoGer;;;;;;
marcelomfortes;Brazil;;;;;
Blodtorstiga;Portugal;;;;;
TI-SHA;Belarus;;;;;
Larziot;Russian Federation;;;;;
RiicardoSanttos;Portugal;;;;;
occult_obscurys;Portugal;;;;;
Thoroxan;United States;;;;;
jacare_xxi;United Kingdom;;;;;
zlak01;Portugal;;;;;
gorbulas_;Brazil;;;;;
Evertonmoretto;Brazil;;;;;
daniel5589;Portugal;;;;;
ProgPro96;United States;;;;;
AndreMMJesus;Portugal;;;;;
LoneWolfenrir;Portugal;;;;;
quitecomely;United States;;;;;
ChatTypeman;United States;;;;;
Rocky2999;United States;;;;;
Marta_Fernandes;Portugal;;;;;
MINDFUCK13;United States;;;;;
EighthSamurai;United States;;;;;
venavix;;;;;;
catbastarrd;United States;;;;;
dasuperman;United States;;;;;
Evander_Sinque;Russian Federation;;;;;
siavoshie;Iran, Islamic Republic of;;;;;
Valediction;Netherlands;;;;;
GabrielCorpse;Brazil;;;;;
Stigmatheist;Canada;;;;;
boklo;United States;;;;;
Winochleja666;Poland;;;;;
bftd;Russian Federation;;;;;
andydoom;Russian Federation;;;;;
Funeraliaa;Iran, Islamic Republic of;;;;;
Jairuin;United States;;;;;
nebulotic;United States;;;;;
aphorism9;Argentina;;;;;
agirlgonemild;United States;;;;;
MRONGOS666;Indonesia;;;;;
VikingSword;United States;;;;;
FlashUnicorn;Norway;;;;;
porrbjorn;;;;;;
Troldhaug;Norway;;;;;
dustegeek;Norway;;;;;
Bladeshade;;;;;;
gabbywtf;;;;;;
cacosdevidro;Brazil;;;;;
JessyMcLovin;;;;;;
esteniocs;Brazil;;;;;
Rafatamm;Brazil;;;;;
Lulziul;;;;;;
Digamurilex;Brazil;;;;;
rodtamires;Brazil;;;;;
keanequeen;Brazil;;;;;
mayuxp;Brazil;;;;;
sobreiro;Brazil;;;;;
bhrodrigues;Brazil;;;;;
LeonardoWood;Brazil;;;;;
brunoculpado;Brazil;;;;;
lunnatrnglou;Brazil;;;;;
Lhomme21;Brazil;;;;;
erikgustavo3000;Brazil;;;;;
vitorialuiza;;;;;;
rayssa_leister;Brazil;;;;;
Joyzinha;Brazil;;;;;
Julianlemes;Brazil;;;;;
mariarafreitas;Brazil;;;;;
grazishimizu;Brazil;;;;;
mariserena;Brazil;;;;;
leticiando;Brazil;;;;;
junkiegrrrl;Brazil;;;;;
Angeljohns;Brazil;;;;;
Juliafiring;;;;;;
zagabiza;;;;;;
tanicarlos;Brazil;;;;;
bruhneca;Brazil;;;;;
anapimentel83;Brazil;;;;;
EuamobaladeGoma;Brazil;;;;;
lola_paooza;Brazil;;;;;
yeah_lou;Brazil;;;;;
caks;Brazil;;;;;
juicebox549;Brazil;;;;;
alynesuck;Brazil;;;;;
senzaocchi;Brazil;;;;;
bia_mosley;Brazil;;;;;
zumbisa;Brazil;;;;;
nanish;Mexico;;;;;
driciele;Brazil;;;;;
DreFungii;Brazil;;;;;
renatilds;Brazil;;;;;
stelaguimaraes;Brazil;;;;;
thaluan;Brazil;;;;;
be_b;United Kingdom;;;;;
magnertales;Russian Federation;;;;;
xblacksheepx;Portugal;;;;;
shelleyjane;United Kingdom;;;;;
Leonoorrr;Netherlands;;;;;
rottinghorse;;;;;;
samirawinter;United States;;;;;
turkeyphant;United Kingdom;;;;;
pallet_town;United States;;;;;
KaossTheory;;;;;;
ma0sm;Australia;;;;;
DrAlexHaleIII;United Kingdom;;;;;
forablueguitar;United Kingdom;;;;;
saps;United Kingdom;;;;;
idril-reid;;;;;;
Wonder_Showzen;Holy See (Vatican City State);;;;;
owen_jones;United Kingdom;;;;;
Renegade_SS;Belarus;;;;;
applemusic;Japan;;;;;
mouldycherryx;United Kingdom;;;;;
natalie_8;Serbia;;;;;
ontheoverpass;United Kingdom;;;;;
ThatsNoAntelope;New Zealand;;;;;
Saixxx;;;;;;
zomzom;United Kingdom;;;;;
rincewindsw;United Kingdom;;;;;
shikashi;Antarctica;;;;;
Shoegazergirl;United States;;;;;
wesleywright1;United Kingdom;;;;;
ABoyLikeMe86;United Kingdom;;;;;
frank4king;United Kingdom;;;;;
arrowsparrow;Italy;;;;;
Folk_It_Up;United Kingdom;;;;;
ostrich54321;United Kingdom;;;;;
GimenaBovary;Spain;;;;;
clay_whip;Russian Federation;;;;;
Haylia90;United Kingdom;;;;;
tedthered;United Kingdom;;;;;
sirastatine;United Kingdom;;;;;
madame7383;France;;;;;
schraeddah;Germany;;;;;
Witooms;Russian Federation;;;;;
pGMidiaN;United Kingdom;;;;;
mightthink;Japan;;;;;
joemadethis;United Kingdom;;;;;
taiueonm;Japan;;;;;
go-qualia;;;;;;
carmymac;Netherlands;;;;;
Jookstevens;United Kingdom;;;;;
newdawnfades;United Kingdom;;;;;
pherella;United Kingdom;;;;;
Wheasok;Russian Federation;;;;;
Surahkura;Spain;;;;;
DJDannyHch;United Kingdom;;;;;
bensonface;United Kingdom;;;;;
lovehearts;United Kingdom;;;;;
MightyMel;;;;;;
mattyholder;United Kingdom;;;;;
rhea-aka-moog;United Kingdom;;;;;
serenthia;United Kingdom;;;;;
PhilTableHat;United Kingdom;;;;;
Genij_Ja;Russian Federation;;;;;
Yuri_Sagalovich;Belarus;;;;;
semuschka;Russian Federation;;;;;
VGuitar;;;;;;
Vinzer;Ukraine;;;;;
LVman232;;;;;;
M_Karamazova;Ukraine;;;;;
zerotrooper;;;;;;
shatelei;Ukraine;;;;;
Skif_Nomad;Ukraine;;;;;
retratserif;Ukraine;;;;;
drelaron;Ukraine;;;;;
zloidemon;Russian Federation;;;;;
WeAreNone;;;;;;
Carol_Neytiri;Belarus;;;;;
Bendercdf;Belarus;;;;;
Djevelen_Dod;Russian Federation;;;;;
Angelina333;Ukraine;;;;;
LiaPa4o;Ukraine;;;;;
LioNeLkO;Belarus;;;;;
RiiddLE;Russian Federation;;;;;
iomezk;Ukraine;;;;;
Alexan182;Italy;;;;;
Obscure_mind;Ukraine;;;;;
Sapphire_HMR;Ukraine;;;;;
Kloto_Anna;;;;;;
JassyBoom;Kazakhstan;;;;;
m1tyaer;Ukraine;;;;;
RedEmo;Ukraine;;;;;
ToxiKola;Russian Federation;;;;;
ambar_boo;Antarctica;;;;;
Smile_You_Die;Belarus;;;;;
Shulz_Fuckmetal;Ukraine;;;;;
-Cyanide-;Ukraine;;;;;
Toxa_pay2;Ukraine;;;;;
rossarosa;;;;;;
Igor_Kulik;Ukraine;;;;;
Mfts;Venezuela;;;;;
taras28ua;Ukraine;;;;;
free_d0m;Ukraine;;;;;
Xartaniroth;Ukraine;;;;;
Ninjatok;Ukraine;;;;;
Seyfer;Russian Federation;;;;;
mylittlejillian;United States;;;;;
rivero;Canada;;;;;
bikey;United States;;;;;
claygirlcan;Canada;;;;;
crazyjoe579;;;;;;
MattWhitby;United Kingdom;;;;;
bruzed;;;;;;
talsafran;;;;;;
refewx;United States;;;;;
SyrupSqueeze;United States;;;;;
BrockBrockBrock;;;;;;
worldwarmike;;;;;;
iamburwell;United States;;;;;
mathequation;;;;;;
paragruff;United States;;;;;
Kars213;;;;;;
InsoOutso;;;;;;
jimray;United States;;;;;
AndrewSav;United States;;;;;
Mr-7;United Kingdom;;;;;
paul_e_wog;United States;;;;;
robotjerk;United States;;;;;
Blueblaze12;United States;;;;;
rommiej;United States;;;;;
kapi80;United Kingdom;;;;;
Gabriel_TTLG;United States;;;;;
filmvisuality;Australia;;;;;
hellamike;United States;;;;;
LeViathan41;United States;;;;;
rickfu;United States;;;;;
jaydensmommie;United States;;;;;
benmarvin;United States;;;;;
poeks;United States;;;;;
ladawn;United States;;;;;
rakellakat;United States;;;;;
rafitorres;United States;;;;;
faneffingtastic;United States;;;;;
steelopus;United States;;;;;
bcompton;United States;;;;;
gesteves;United States;;;;;
geller;Greece;;;;;
shirockz;United States;;;;;
RoCkON_19;;;;;;
SpdRacerRVA;United States;;;;;
j_money;United States;;;;;
oestre_bunny;United Kingdom;;;;;
nobm;United States;;;;;
skunk_fu;Turkey;;;;;
RoyaltyGT;United States;;;;;
Javeh;United Kingdom;;;;;
Andritax;;;;;;
ricarditocont;Venezuela;;;;;
Andr3a;Venezuela;;;;;
lupemr;Germany;;;;;
RANDOMchick_;Venezuela;;;;;
patrick_stone;Russian Federation;;;;;
ELLUFAIL;Finland;;;;;
axemankd;United States;;;;;
briansvgs;United States;;;;;
GrAzYMaN98;Finland;;;;;
SergiOos;Russian Federation;;;;;
WulfbeatFIN;Finland;;;;;
Lalalalaur;Australia;;;;;
TheErin;United Kingdom;;;;;
x4sakenvampir3x;United States;;;;;
squirr31y;;;;;;
Emica;United Kingdom;;;;;
SenseiChou;Poland;;;;;
Nicky_Boe;Belgium;;;;;
k7stringsamurai;United States;;;;;
ESPer112;United States;;;;;
noelpurba12;Indonesia;;;;;
Anjarbepe;Indonesia;;;;;
vagabond77;Indonesia;;;;;
shellyd86;United States;;;;;
mikylapieterse;;;;;;
perpetualzombie;;;;;;
SlumberlandRecs;United States;;;;;
what-i-see;United States;;;;;
mysonmason;Russian Federation;;;;;
maybeitsnothing;;;;;;
kendraxlouise;United States;;;;;
ryanjuntilla;;;;;;
rogerfinkle;United States;;;;;
stinkyxvx;;;;;;
molesteban;United States;;;;;
punkrocker54;;;;;;
StompinMax;Belarus;;;;;
ninjablaster;;;;;;
MattFromZP;;;;;;
bertramboso;Svalbard and Jan Mayen;;;;;
juancarlossilva;United States;;;;;
pighands;United States;;;;;
fightXschool;Russian Federation;;;;;
midnightto6man;United States;;;;;
tankcrimes;United States;;;;;
xDRUGSHITx;United States;;;;;
hypnofm;United States;;;;;
pikestcrawler;United States;;;;;
Chassee;United States;;;;;
ancaulea;United States;;;;;
dumptheair;;;;;;
fourtet1979;;;;;;
tawnyaisrad;;;;;;
nomadlisa;;;;;;
RyanLowry;United States;;;;;
teenageregrets;United States;;;;;
KaitlynAliano;United States;;;;;
perennialsorrow;United States;;;;;
ketchupface;United States;;;;;
comicmatt;United States;;;;;
adam_thevegan;United Kingdom;;;;;
tonyctyfour;United States;;;;;
PaulaLafleur;Canada;;;;;
moshtiludrop;;;;;;
SwingKid082;Greece;;;;;
iMoanatron;United States;;;;;
Countorus;Canada;;;;;
jazrackley;United States;;;;;
NegativeJosh;United States;;;;;
hobbyxhorse;Russian Federation;;;;;
rangerdanger37;United States;;;;;
jckebs1;Brazil;;;;;
EvileOL;United Kingdom;;;;;
eva05_gridlink;United States;;;;;
public_library;Sweden;;;;;
Jarnroth;Sweden;;;;;
norma19;Sweden;;;;;
Thrasher_Dave;United Kingdom;;;;;
TORSOx;United Kingdom;;;;;
Morkburger;United Kingdom;;;;;
noseferatu;Finland;;;;;
Plodman;United Kingdom;;;;;
metaldazza;United Kingdom;;;;;
Gregocalypse;;;;;;
MissKitteh;United Kingdom;;;;;
origamikid;;;;;;
the4thnorse;United Kingdom;;;;;
Voyage_34;United Kingdom;;;;;
herzeleid86;United Kingdom;;;;;
thrashduck;United Kingdom;;;;;
AnadyomeneVenus;United Kingdom;;;;;
the_real_harris;United Kingdom;;;;;
HospitalOfDeath;United Kingdom;;;;;
boovidge;United Kingdom;;;;;
jadedevil;Qatar;;;;;
cardigan;;;;;;
doodledub;United Kingdom;;;;;
DocDaneeka;United Kingdom;;;;;
artsofa;;;;;;
Kjelt_inc;Germany;;;;;
plish;Argentina;;;;;
TheTudz;;;;;;
abeliaaden;United Kingdom;;;;;
Lady_Electro;Russian Federation;;;;;
enshtein69;Russian Federation;;;;;
R1kka;Russian Federation;;;;;
ILoveMPortal;Russian Federation;;;;;
toluk_toluk;Ukraine;;;;;
MariniPiccolini;Ukraine;;;;;
Zabubruikina;Russian Federation;;;;;
Romez84;Ukraine;;;;;
alex_f20;Russian Federation;;;;;
Suicide_Barbie;Belarus;;;;;
DeathMan1289;Ukraine;;;;;
nasty_by;Belarus;;;;;
R3zUS;Ukraine;;;;;
Indiffeeerent;Ukraine;;;;;
JaneFuckingAir;Russian Federation;;;;;
MsJule;Russian Federation;;;;;
hello_FTP;Christmas Island;;;;;
FuckingLight;Ukraine;;;;;
_Denver_;Ukraine;;;;;
NogaMyach;Ukraine;;;;;
hannahhaskell;United States;;;;;
rachelvan;;;;;;
houseofcarper;United States;;;;;
piratefetus;;;;;;
maxschwimmerxxx;United States;;;;;
PISSPALACE;United States;;;;;
seababiesss;United States;;;;;
laudennn;United States;;;;;
attacknow;United States;;;;;
bryanwilson;United States;;;;;
TUMBLEWEAVE;United States;;;;;
molesteban;United States;;;;;
ultimatequeer;;;;;;
Kornfileyk;Turkey;;;;;
punkadagirl;Afghanistan;;;;;
woodparty;;;;;;
blueghostblues;Portugal;;;;;
davidglitch;;;;;;
sleeploss;Portugal;;;;;
kinoki;Portugal;;;;;
vvvaporclouds;Portugal;;;;;
wavelenghts;Portugal;;;;;
Hicke_;Portugal;;;;;
Just_A_Friend;Portugal;;;;;
apfelhaeuptling;Germany;;;;;
doomvillain;Palestinian Territory, Occupied;;;;;
todaysart;Netherlands;;;;;
paleoindian;Ukraine;;;;;
spLiFF22;Czech Republic;;;;;
guenterkrass;Germany;;;;;
her_mood;Portugal;;;;;
Lauaninha;Brazil;;;;;
socialPsyence;United States;;;;;
myhalo;Portugal;;;;;
Jordan_229;;;;;;
IcToPuZ;Portugal;;;;;
curly-hairedboy;Portugal;;;;;
TheRagnarok;Portugal;;;;;
stewierd;Denmark;;;;;
nariz_entupido;;;;;;
sistemanervoso;Portugal;;;;;
Tupperwaaren;Saint Kitts and Nevis;;;;;
skouter;Portugal;;;;;
McKENZY;Russian Federation;;;;;
Lusss;Portugal;;;;;
salvadorlobo;Norway;;;;;
BallerCraig;United States;;;;;
slowpulse-girl;United Kingdom;;;;;
rockmyplimsoul;United States;;;;;
liam7777;United States;;;;;
WyldWoodFlower;United States;;;;;
jillmackin;United States;;;;;
Zephirx;Germany;;;;;
jb-jb;;;;;;
pe84;Spain;;;;;
metawirt;Korea, Democratic People's Republic of;;;;;
lisafrankpuke;United States;;;;;
nicorebel;United Kingdom;;;;;
xbulletsxlovex;United Kingdom;;;;;
scattyman;United Kingdom;;;;;
moisesbs3008;Brazil;;;;;
jrs1991;United States;;;;;
lost_in_last_fm;United States;;;;;
Jen420;United States;;;;;
Falconsoars;United States;;;;;
silvasonicsurfa;United Kingdom;;;;;
Hallandoates2;United States;;;;;
whitebicycle;United States;;;;;
GreenDan;United States;;;;;
misspolkadot;United Kingdom;;;;;
Ro--x;United Kingdom;;;;;
DSC_Arminia;Antarctica;;;;;
wonder_al;United States;;;;;
hottthemoople;Australia;;;;;
thatgermansnail;United Kingdom;;;;;
andrepyk;Belarus;;;;;
wandawanni;;;;;;
Haalf;Brazil;;;;;
JakeyWHFC;United Kingdom;;;;;
similiskai;France;;;;;
theotherjordan;United States;;;;;
AFtorum;United States;;;;;
KYSH-RADIO;;;;;;
leilalianoutsa;United States;;;;;
MinMusikJustNu;Sweden;;;;;
joannepulgarin;United States;;;;;
Lord-Surreal;United States;;;;;
iremembernothng;United States;;;;;
angusjack;United States;;;;;
KiMdOm;United Kingdom;;;;;
Cyantio;;;;;;
StaggerRach;United Kingdom;;;;;
octacat;United States;;;;;
jewish_ginger;Poland;;;;;
becuZz;Poland;;;;;
abadora;Poland;;;;;
Silvershape;Poland;;;;;
slivka_;Poland;;;;;
chris_ch_;Poland;;;;;
ziemniaki;Poland;;;;;
TH3SP1D3R;Bulgaria;;;;;
petek12;Poland;;;;;
yellow_emenems;Poland;;;;;
tusiek666;Poland;;;;;
Mikolal;Poland;;;;;
StBartus;Poland;;;;;
Tom3k93;Poland;;;;;
slomkas;;;;;;
blizz93;Poland;;;;;
Gombaa;Poland;;;;;
Kubaa160;;;;;;
GoOocza;Lithuania;;;;;
TrisiNao;;;;;;
Zynio;Poland;;;;;
radki21;Poland;;;;;
rechaa;Poland;;;;;
caughtmyself93;Poland;;;;;
prezerwator;Poland;;;;;
mikime;Poland;;;;;
busia-bu;Poland;;;;;
gradhlon;France;;;;;
chayron;Sweden;;;;;
Preacher_wf;Russian Federation;;;;;
Burgart;France;;;;;
Dvaid_Alxeadner;Colombia;;;;;
HaiMe15;France;;;;;
Miss_Sinister;France;;;;;
Atherdequ;Russian Federation;;;;;
HumbertoJr;Brazil;;;;;
AcausalAeon;Antarctica;;;;;
ovye_kamon;;;;;;
eidole;France;;;;;
lemagraG;Sweden;;;;;
SatanIsATruGoth;Belgium;;;;;
Xahaal-Winter;France;;;;;
ichocky;United Kingdom;;;;;
Vargan;;;;;;
Tormentor312;United States;;;;;
Ad_astra88;Spain;;;;;
Holy-Death;France;;;;;
HaemotH;France;;;;;
kasztaniastyk;Poland;;;;;
sznippo;Poland;;;;;
adcubar;Poland;;;;;
Blackiexd;Poland;;;;;
dariobarbosa;Brazil;;;;;
danbatalha;Brazil;;;;;
lolawannabelola;Brazil;;;;;
-Rafael-;;;;;;
thiagoriboura;;;;;;
Dalsons;Brazil;;;;;
x_Malditah_x;Spain;;;;;
Amzlah;Australia;;;;;
pobreleno;Spain;;;;;
totorozine;Chile;;;;;
kazuhikoclub;Japan;;;;;
the_wurlitzer;Chile;;;;;
Chaino_Iram;Mexico;;;;;
RD11;Argentina;;;;;
FabioPrado;Brazil;;;;;
FreeMHZ;Venezuela;;;;;
missnaipe;;;;;;
fissionboy;Spain;;;;;
pcosialls;Chile;;;;;
Hassenott;Norway;;;;;
violent-sounds;Argentina;;;;;
bobbagoose;United Kingdom;;;;;
CuchuFlurito;Argentina;;;;;
kiro_saturnino;Argentina;;;;;
tiagoalfredo;Brazil;;;;;
diegoxedge;Argentina;;;;;
juleana;;;;;;
amnesico;Peru;;;;;
demonbalooni;Colombia;;;;;
fernandojam;Argentina;;;;;
juanfus;Argentina;;;;;
watashifan;Mexico;;;;;
april29th;;;;;;
shilateikabou;Argentina;;;;;
irineab;Argentina;;;;;
vishal8492;India;;;;;
noeliacarballo;;;;;;
bluro;Argentina;;;;;
bloodsy;Argentina;;;;;
vikk_;Argentina;;;;;
unvicente;Chile;;;;;
Jaimico_;Chile;;;;;
gelehrt;United Kingdom;;;;;
hachemuda;Chile;;;;;
jawen18;Argentina;;;;;
deiniwildberry;;;;;;
Phibrizoq;Argentina;;;;;
Oblivionized;United Kingdom;;;;;
stevenkeys;Canada;;;;;
skyrim-666;Brazil;;;;;
aramachy;Japan;;;;;
Lozmodial;;;;;;
lucini;Germany;;;;;
strange_walker;Japan;;;;;
robsevenfold;United Kingdom;;;;;
hismozness;United Kingdom;;;;;
themaddyness;Brazil;;;;;
annatoytoyl;United Kingdom;;;;;
GoatKult666;;;;;;
Airich;Germany;;;;;
HimitsuUK;United Kingdom;;;;;
kushkween;United States;;;;;
Shockwave616;Poland;;;;;
Day3091;United Kingdom;;;;;
encoreX;;;;;;
zCherog;Brazil;;;;;
mpcandflacuser;United Kingdom;;;;;
chloemeoww;United Kingdom;;;;;
DarklingAnubiss;United Kingdom;;;;;
drvid;Canada;;;;;
brandnewshoe;United States;;;;;
AndersonWMotta;Brazil;;;;;
Pummi666;Finland;;;;;
lottarake;United States;;;;;
PhilVonMunster;Canada;;;;;
turae1;Russian Federation;;;;;
PaulaMeira;Brazil;;;;;
prostituting;United States;;;;;
spikevalentine;Mexico;;;;;
natexedge;United Kingdom;;;;;
sio_ni_muiri;Australia;;;;;
FrozenHeart_;Sweden;;;;;
chris3r00t4l;Australia;;;;;
yumelovesyou;Brazil;;;;;
AndyVicious666;Brazil;;;;;
atrain06;United States;;;;;
cooldude32;United States;;;;;
PuToSeLu;Spain;;;;;
PanzerLeo;Mexico;;;;;
DIISNUTZ;United States;;;;;
chokogore;Mexico;;;;;
darrenpj;United States;;;;;
TombHammer;United Kingdom;;;;;
wargasm123;United Kingdom;;;;;
gnooomo;Brazil;;;;;
nitroburner;Turkey;;;;;
Mvitts;Brazil;;;;;
pedro230;Brazil;;;;;
Gibiruei;Brazil;;;;;
barbarabigon;;;;;;
henriquefmaia;Brazil;;;;;
Iron540;Brazil;;;;;
guiruchaud;Brazil;;;;;
haoestrelalp;Brazil;;;;;
arthursoares_;Brazil;;;;;
ca_rawr;Brazil;;;;;
cleberglam;Brazil;;;;;
Muh_atahell;Brazil;;;;;
mkottel;Brazil;;;;;
Cunha201293;Brazil;;;;;
diogogiacomini;Brazil;;;;;
BassRob;Brazil;;;;;
RenanAlonso;Brazil;;;;;
tilabgf;Brazil;;;;;
bruhrj;Brazil;;;;;
Rockr8;Brazil;;;;;
DougFailRandom;Brazil;;;;;
Slowers;Brazil;;;;;
Bazzanella;Brazil;;;;;
TheFabricios;Brazil;;;;;
KenjiSparrow;Brazil;;;;;
Gih_Wyvern;Brazil;;;;;
Guiaraki;Brazil;;;;;
Erick93;Brazil;;;;;
phiihero;Brazil;;;;;
PauloWP;Brazil;;;;;
Japali;Brazil;;;;;
LaUlAus2;Brazil;;;;;
MrLlamaLlamaa;Brazil;;;;;
leandrinhoqq;Brazil;;;;;
renatoapf;Brazil;;;;;
Davee_;Brazil;;;;;
viibueno;Brazil;;;;;
Diego_Teco;Brazil;;;;;
OrlandTheMonkey;Brazil;;;;;
fmarschall;Brazil;;;;;
miro005;Croatia;;;;;
VitorMusachio;Brazil;;;;;
IsK_KraKen;Brazil;;;;;
JouisAstley;Brazil;;;;;
MHaM51;Brazil;;;;;
jjninja;;;;;;
vandint;United States;;;;;
cdkatuofc;Australia;;;;;
theometrica;United States;;;;;
priest147;Germany;;;;;
EricaDeLaMer;United States;;;;;
dancexparty;United States;;;;;
psysci;United States;;;;;
vinayesv;United States;;;;;
rattleandhum;South Africa;;;;;
thoughtbarefoot;;;;;;
jamesyjones;United States;;;;;
bonkselle23;United States;;;;;
qwerty2357;United States;;;;;
Thomas104;Germany;;;;;
aceraz;United States;;;;;
TheRoyalNL;Netherlands;;;;;
Ja_Ja_Jon;United States;;;;;
NoSleepCult;United States;;;;;
veilofmayo;United States;;;;;
ChrisisaSTUD;United States;;;;;
manxoverboard;;;;;;
maclynbean;United States;;;;;
meganthecat;United States;;;;;
mrou;United States;;;;;
Syktris;United States;;;;;
BuhKrussell;United States;;;;;
IM4ttthew;United Kingdom;;;;;
Majkx;Czech Republic;;;;;
scorpos;Russian Federation;;;;;
DupekPotezny;Poland;;;;;
Tukan_666;;;;;;
Damian3825;Poland;;;;;
hubert987;Poland;;;;;
bmwz5;Poland;;;;;
megaxomk;;;;;;
DeadSprites;New Zealand;;;;;
BlakeDeppe;United States;;;;;
sastronautx;United States;;;;;
curson;United Kingdom;;;;;
Benjijake;Norway;;;;;
Jessikadew;New Zealand;;;;;
adelle_j;Australia;;;;;
btljuice-;New Zealand;;;;;
Rose_Riddell;New Zealand;;;;;
ElQuerido92;Austria;;;;;
flammanbule;France;;;;;
jakeywren;;;;;;
kadiecakes;New Zealand;;;;;
ashspeter;New Zealand;;;;;
CMcBuster;;;;;;
A_Vain_Attempt;;;;;;
Rydia69;New Zealand;;;;;
Sam577;;;;;;
thatlolguy;New Zealand;;;;;
Flashman1897;New Zealand;;;;;
Reubenisgangz;New Zealand;;;;;
x_FlamingZebra;New Zealand;;;;;
surrender_xx;Canada;;;;;
allan9001;Japan;;;;;
ikohika;New Zealand;;;;;
LeonShannon;New Zealand;;;;;
SaintVeronika_;Germany;;;;;
setlistfm;;;;;;
Synapsyche;Italy;;;;;
nickcaos;United Kingdom;;;;;
DiezelXzaust;;;;;;
gill331;Romania;;;;;
Hansu_K;Finland;;;;;
Lavrin;Ukraine;;;;;
Shchigl;Ukraine;;;;;
Codename_92;Ukraine;;;;;
Andrey_Dreaming;Belarus;;;;;
shatelei;Ukraine;;;;;
DarkIcelord;Ukraine;;;;;
st_AgressoR;Ukraine;;;;;
arodinket;United States;;;;;
Ispacemanl;United States;;;;;
jimisthewalrus;United States;;;;;
SinstarClaudio;United States;;;;;
sweetevangeline;;;;;;
cactushead;United States;;;;;
Tomiblax;Poland;;;;;
zablakanymotyl;Poland;;;;;
KacperKulisz;Poland;;;;;
PCH92;Poland;;;;;
Olllla;Poland;;;;;
Lil_Jane;;;;;;
Chef_Don;Poland;;;;;
Don_The_Chef;Poland;;;;;
Pan-Don;Poland;;;;;
truskawka966;;;;;;
Grab3r;Poland;;;;;
Lisu11;Poland;;;;;
Wcinek;Poland;;;;;
edward017;;;;;;
camze;Poland;;;;;
szykyszyky;;;;;;
Natalia172217;Poland;;;;;
LVNLVNLVN;Poland;;;;;
green555;Poland;;;;;
Mannorotth;Poland;;;;;
Pan_Don;Poland;;;;;
Pelek69;Poland;;;;;
kurczakcurry;Poland;;;;;
latajacewarzywo;Poland;;;;;
panQ;Poland;;;;;
IraShambary;;;;;;
ginseng_tea;Russian Federation;;;;;
sgnx;;;;;;
alivestenka;Russian Federation;;;;;
Ksu_S;Russian Federation;;;;;
Inka-skazka;;;;;;
DocMogila;Russian Federation;;;;;
IrinaRose;Russian Federation;;;;;
Margaret_Dio;;;;;;
sSifira;;;;;;
iRNKa;Russian Federation;;;;;
Fio-tyan;Russian Federation;;;;;
Shambary;Russian Federation;;;;;
SHOOTn1k;Russian Federation;;;;;
London_K;Russian Federation;;;;;
Derdian-Metal;Italy;;;;;
Solstice-Coil;Israel;;;;;
soffysoffy;Russian Federation;;;;;
verdahmstites;;;;;;
similiskai;France;;;;;
Odinko;Slovakia;;;;;
dedek603;;;;;;
crowqueen;United Kingdom;;;;;
RenanBirck;Brazil;;;;;
krisempire;United States;;;;;
anablue;Netherlands;;;;;
rachelka;Slovakia;;;;;
seviko;Ukraine;;;;;
budnyak;Russian Federation;;;;;
m_samimi;Netherlands;;;;;
mattsspeed;Slovakia;;;;;
Effenaar;Netherlands;;;;;
Vrag_vremeni;Russian Federation;;;;;
kurtttt;Netherlands;;;;;
Nordgeir;Norway;;;;;
immunemusic;United Kingdom;;;;;
TornFromReality;Canada;;;;;
sloboda;Slovakia;;;;;
Keuska;Slovakia;;;;;
TheDebilo;Slovakia;;;;;
Vedix;Czech Republic;;;;;
bwpow;Slovakia;;;;;
go_the_sia;Netherlands;;;;;
mycatquacks;Netherlands;;;;;
gekke_bertus;Netherlands;;;;;
jakub_rupala;Poland;;;;;
pushithead;Ireland;;;;;
Shivana;United States;;;;;
Samuso;Slovakia;;;;;
porcupinebridge;Netherlands;;;;;
jeisaacs;United Kingdom;;;;;
chrisric22;United Kingdom;;;;;
mark_fawcett;United Kingdom;;;;;
JRoMuzik;United Kingdom;;;;;
MrPaddy;United Kingdom;;;;;
JulianT19;Germany;;;;;
Kralia;United Kingdom;;;;;
natetee;Germany;;;;;
sasquatchdied;United Kingdom;;;;;
Stehayward;United Kingdom;;;;;
ambianceinsky;United Kingdom;;;;;
AndrooUK;United Kingdom;;;;;
BeckyBoo44;United Kingdom;;;;;
tekp1989;United Kingdom;;;;;
fallows;United Kingdom;;;;;
melisserrr;United Kingdom;;;;;
TheBlackSwan99;United Kingdom;;;;;
jellytotness;United Kingdom;;;;;
L_e_e;United Kingdom;;;;;
trcl;Norway;;;;;
SisterChaos;Canada;;;;;
kaitlynsmurphy;United States;;;;;
thrashmandan;United States;;;;;
ancatdubh43;United States;;;;;
scidae;Germany;;;;;
Hawk-O;Norway;;;;;
Masterchief87;Norway;;;;;
lillestepolf;;;;;;
mariehlh;Norway;;;;;
skiper_oO;Ukraine;;;;;
ivanshello;Russian Federation;;;;;
dafphalls;United Kingdom;;;;;
williamsa15;;;;;;
robmorganlastfm;;;;;;
Kratsbor;;;;;;
R_Cochrane;United Kingdom;;;;;
Jackreyes;United Kingdom;;;;;
Willba123;United Kingdom;;;;;
Luczynka;Czech Republic;;;;;
Matutka;Czech Republic;;;;;
muschak1;Czech Republic;;;;;
sochmi;Czech Republic;;;;;
Vencis-ak;Czech Republic;;;;;
TRIGLAV7;Slovakia;;;;;
InfernoxDeath;Singapore;;;;;
lukas_derksen;;;;;;
LovisMusic;Germany;;;;;
Korbonne;Germany;;;;;
PuhMuh;;;;;;
humpenjack;;;;;;
Sarahinkoeln;Germany;;;;;
hoschi84;Germany;;;;;
mazaroony10;United Kingdom;;;;;
derpetrator;United States;;;;;
GunsofBrixton1;United Kingdom;;;;;
Joelmellor;United Kingdom;;;;;
taylor8809;United States;;;;;
MarcoWeirdOh;United States;;;;;
p_maymin;United States;;;;;
Pramipexole;United States;;;;;
jamievulva;United States;;;;;
russiansquares;United Kingdom;;;;;
azshoegazer;Indonesia;;;;;
Mister_Peterson;Korea, Republic of;;;;;
azecho;United States;;;;;
MY-LOVE-LIFE;;;;;;
buttbuddy666;United States;;;;;
demiwi;United States;;;;;
freekasaur;Canada;;;;;
JHennessey;;;;;;
vincentivarra;United States;;;;;
lukehamlett;United States;;;;;
EbonNemesis;United States;;;;;
in_revelation;United States;;;;;
run-like-hell;United States;;;;;
chloetillman;United States;;;;;
AmilLeh;United Kingdom;;;;;
curseyoursoul;United States;;;;;
GunsofBrixton1;United Kingdom;;;;;
jamesrist1987;;;;;;
DizzyCherry;United Kingdom;;;;;
Valentine85;Netherlands;;;;;
bitomax;;;;;;
Zeritas;Germany;;;;;
DionZuurtje;Netherlands;;;;;
Jemmaaaa;;;;;;
Nouge;United Kingdom;;;;;
TheJoeShow;United Kingdom;;;;;
CallumJoynes;United Kingdom;;;;;
mazaroony10;United Kingdom;;;;;
Pegg;United Kingdom;;;;;
russiansquares;United Kingdom;;;;;
curseyoursoul;United States;;;;;
anjrodgers;United Kingdom;;;;;
MaikMoreira;Brazil;;;;;
jamesrist1987;;;;;;
GunsofBrixton1;United Kingdom;;;;;
khanafin;United Kingdom;;;;;
skellingbob;United Kingdom;;;;;
peckbum;;;;;;
Dannyblacklung;United Kingdom;;;;;
raph_pirate;United Kingdom;;;;;
bitomax;;;;;;
eeveej;United Kingdom;;;;;
Joelmellor;United Kingdom;;;;;
TheJoeShow;United Kingdom;;;;;
Pegg;United Kingdom;;;;;
Nouge;United Kingdom;;;;;
russiansquares;United Kingdom;;;;;
Gyro2k;United Kingdom;;;;;
Benjamin-Lamb;;;;;;
GunsofBrixton1;United Kingdom;;;;;
jamesrist1987;;;;;;
katiehawthorne;;;;;;
Moraza27;United Kingdom;;;;;
JamieCawthra;United Kingdom;;;;;
Zeritas;Germany;;;;;
bitomax;;;;;;
eeveej;United Kingdom;;;;;
Joelmellor;United Kingdom;;;;;
PyramidHead1337;;;;;;
beccasscribbles;United Kingdom;;;;;
TheJoeShow;United Kingdom;;;;;
sixguns;United Kingdom;;;;;
DeeBurger;United Kingdom;;;;;
mazaroony10;United Kingdom;;;;;
russiansquares;United Kingdom;;;;;
muckers;United Kingdom;;;;;
mundFSMM;United Kingdom;;;;;
bagpipesolo;United Kingdom;;;;;
petalface;United Kingdom;;;;;
Oli_Slack;United Kingdom;;;;;
lumberingzombie;;;;;;
Iteadic;Russian Federation;;;;;
Lyabella;United Kingdom;;;;;
BlackenedSky36;United Kingdom;;;;;
taylor8809;United States;;;;;
curseyoursoul;United States;;;;;
GunsofBrixton1;United Kingdom;;;;;
jamesrist1987;;;;;;
dazlar;United Kingdom;;;;;
feigo;Norway;;;;;
BlackestBlood;United Kingdom;;;;;
skellingbob;United Kingdom;;;;;
HarryParsons;United Kingdom;;;;;
peckbum;;;;;;
Dannyblacklung;United Kingdom;;;;;
radekkkkkkk;;;;;;
ericaleigh91;United Kingdom;;;;;
Fooman707;United States;;;;;
BoringArcade;United States;;;;;
Jemmaaaa;;;;;;
bitomax;;;;;;
eeveej;United Kingdom;;;;;
chris_t2000;Ireland;;;;;
SiIhouette;United States;;;;;
arrogant_one;United Kingdom;;;;;
kozychan;United States;;;;;
Adzin;United Kingdom;;;;;
owmyfoothurts;United Kingdom;;;;;
MattHiggs;United Kingdom;;;;;
CallumJoynes;United Kingdom;;;;;
Joelmellor;United Kingdom;;;;;
simple_epitaph;United Kingdom;;;;;
suthnoli;United Kingdom;;;;;
maymee;United States;;;;;
scout___;United Kingdom;;;;;
TheJoeShow;United Kingdom;;;;;
Pegg;United Kingdom;;;;;
tompeel;United Kingdom;;;;;
slavetosound88;Italy;;;;;
mazaroony10;United Kingdom;;;;;
knowbyheart;United States;;;;;
Nouge;United Kingdom;;;;;
cheap_mondays;Italy;;;;;
courtnakovia;United States;;;;;
PHintonian;United Kingdom;;;;;
gabriela_sato;Brazil;;;;;
DominisckiLo;;;;;;
JuandeLima;Brazil;;;;;
Andre_Gama;Brazil;;;;;
Leeeopl;Brazil;;;;;
vitaoma;Brazil;;;;;
9HelterSkelter9;Chile;;;;;
wthmah;Brazil;;;;;
anacronizada;;;;;;
leokristem;Brazil;;;;;
fernando_2013;Brazil;;;;;
belikeus;Brazil;;;;;
AlanaBertoni;Brazil;;;;;
fabiojacob;Brazil;;;;;
individuality_;;;;;;
national-anth3m;;;;;;
lovelylouisek;Brazil;;;;;
Iedzeppelins;Brazil;;;;;
helloandy;Brazil;;;;;
FelipeKowalski;Brazil;;;;;
nathaliasobral;Brazil;;;;;
jesskaotaja;Brazil;;;;;
alessomenzi;Brazil;;;;;
talita_mendes;Brazil;;;;;
eduardoVaz;Brazil;;;;;
misantropia013;Brazil;;;;;
Playgatinho;Brazil;;;;;
Murilopiress;Brazil;;;;;
rofontes;Brazil;;;;;
MalconFernandes;Brazil;;;;;
danteciarrocchi;Brazil;;;;;
arthurbanger;Brazil;;;;;
GongoFraccaroli;Brazil;;;;;
irwinss;;;;;;
fernandes96;Brazil;;;;;
ohmonamour;Brazil;;;;;
phinfonet;Brazil;;;;;
galvaoneto;Brazil;;;;;
alyssonmartins;Brazil;;;;;
chintu-kadaj;India;;;;;
daphnemars;Italy;;;;;
porch2;Aruba;;;;;
arroliveir;Brazil;;;;;
willo3d;Brazil;;;;;
madox_gx;Argentina;;;;;
MarceloAvelino;Brazil;;;;;
dlsdlopes;Brazil;;;;;
isthatmatheus;;;;;;
DanilloOo;Brazil;;;;;
victrom;Brazil;;;;;
pqpanna;Brazil;;;;;
MichaelSoski;Brazil;;;;;
thatsqx;Brazil;;;;;
xxxrubenxxx;Brazil;;;;;
VSlam;Russian Federation;;;;;
whatdoyoulike;Brazil;;;;;
prih420;Brazil;;;;;
adayt0fuck;;;;;;
guinpn;Brazil;;;;;
liquorxlovelost;Brazil;;;;;
FelipeRosario;Brazil;;;;;
caapoisonpurple;Brazil;;;;;
dulmonia;;;;;;
daniedofresna;Brazil;;;;;
badreligion_;Brazil;;;;;
Disgo_vm;Brazil;;;;;
Fernando_A7x;Brazil;;;;;
RafaelMattos;Brazil;;;;;
EduardoWL;Brazil;;;;;
robertatk;Brazil;;;;;
alexATL;;;;;;
Kim_Mih;Brazil;;;;;
daanger;Brazil;;;;;
abbylouisee;United Kingdom;;;;;
magicianandyeah;Brazil;;;;;
blueerain;United Kingdom;;;;;
Skarlato;Brazil;;;;;
RafaelaOshima;Brazil;;;;;
ayame_maxwell;Japan;;;;;
brunaruas;Brazil;;;;;
hildebrullen;Brazil;;;;;
G-to-the-U;United Kingdom;;;;;
iMuriloCello;Brazil;;;;;
andri8reais;Brazil;;;;;
Yuri_Leal;Brazil;;;;;
PierreBirk;Brazil;;;;;
fabianabianchi;Brazil;;;;;
Viniicio7x;Brazil;;;;;
bianca_lee;;;;;;
MasterHouze;Brazil;;;;;
caaah_x;Brazil;;;;;
Henricoimbra;Brazil;;;;;
lucas-henrique;;;;;;
thaa_pathetic;Brazil;;;;;
kdcebola;Brazil;;;;;
aeyn;United States;;;;;
OhThankDevin;United States;;;;;
caitjane1087;United States;;;;;
sk8rboiii;United States;;;;;
ShoeSCUFFAH;United States;;;;;
etsitramai;Taiwan;;;;;
bikesupremacist;;;;;;
cdavidb;United States;;;;;
iamartiste;United States;;;;;
MarineShape;Russian Federation;;;;;
camidorsi;Argentina;;;;;
kimberelywkrull;;;;;;
Alin-everybody;;;;;;
LUKINILYA;Russian Federation;;;;;
Antse;Germany;;;;;
Aradiadylan;Mexico;;;;;
MistaApocalypse;United Kingdom;;;;;
MrsToxica;Mexico;;;;;
KarenRey;;;;;;
AlbertoMtzMelo;Mexico;;;;;
akashafloyd;Mexico;;;;;
criss90;Mexico;;;;;
velvetnight;Mexico;;;;;
rovym;Argentina;;;;;
Cocoua;Mexico;;;;;
efeforever;Mexico;;;;;
ElQuerido92;Austria;;;;;
grekoncho;Mexico;;;;;
madisentara;Canada;;;;;
ohdeer-;Australia;;;;;
Louder_radio;Mexico;;;;;
Rakki-san;United States;;;;;
Siiri_Ilana10;Mexico;;;;;
squareapprised;Mexico;;;;;
ValeriaSixx;Mexico;;;;;
LilyTheCool;United States;;;;;
decadelate;United States;;;;;
PulpoLula;Japan;;;;;
IIIOOIII;Brazil;;;;;
MeandCoffee;Mexico;;;;;
Drogenhunter;Germany;;;;;
lomsaraujo;Brazil;;;;;
AllieLovesIndie;;;;;;
blacktang;Brazil;;;;;
echpo_uno;New Zealand;;;;;
Ladytronik1;Mexico;;;;;
stupidgore;Mexico;;;;;
kitnetty;Thailand;;;;;
abesdontcare;Mexico;;;;;
musiikkionelo;Argentina;;;;;
marlennee;;;;;;
mariejuh;Brazil;;;;;
Davirod;Germany;;;;;
missDNA;Antarctica;;;;;
Ixkin521;Mexico;;;;;
patbeliveau;Canada;;;;;
Marwicha;Greenland;;;;;
iTunesStore;;;;;;
pwmq;;;;;;
qbertplaya;United States;;;;;
mcquinne;United States;;;;;
gpberliner;United States;;;;;
bensamra;United States;;;;;
ebox;United States;;;;;
judahjernigan;United States;;;;;
misterboulder;United States;;;;;
ldpratte;United States;;;;;
Languid_logic;United States;;;;;
aeyn;United States;;;;;
jaxattack;United States;;;;;
FlipFlopDrums;;;;;;
thoughtfulape;United States;;;;;
Grey_ham28;United States;;;;;
troll1602;United States;;;;;
gingingingin;United States;;;;;
Bam_Sock;United States;;;;;
nodrog6;United States;;;;;
Nelsonea;United States;;;;;
astrobradley;United States;;;;;
ifoundkristina;United States;;;;;
cousinbull;;;;;;
BenBaer;;;;;;
MJCarroll;United States;;;;;
danman_d;United States;;;;;
curveofthemoon;United States;;;;;
aeyn;United States;;;;;
Cryxi;United States;;;;;
saojn;Singapore;;;;;
x_stei;United States;;;;;
earthtokuri;;;;;;
Heartbreakn;France;;;;;
Luorui;Italy;;;;;
dEstinYs_Eyes;;;;;;
Musicboehmy;Germany;;;;;
kristynseda;United States;;;;;
nataliebrown;United States;;;;;
zadria;United States;;;;;
aeyn;United States;;;;;
merlinmoon;United States;;;;;
alobao;Portugal;;;;;
Blackbird_1978;;;;;;
roonstar;United States;;;;;
taylortulip;United States;;;;;
leoavalon;;;;;;
ronwou;;;;;;
Malesherbez;United States;;;;;
sisimomo;Iceland;;;;;
aspiromusings;Australia;;;;;
galafeelsblue;Switzerland;;;;;
I-beat-rice;;;;;;
jdavid_2;Venezuela;;;;;
didyouknow_him;United Kingdom;;;;;
DJMasterBlaster;United States;;;;;
bryeallen;United States;;;;;
dakerkate;United States;;;;;
jimjim53;United States;;;;;
pheenye;United States;;;;;
doaker;United States;;;;;
aeyn;United States;;;;;
EllenofTroy;Czech Republic;;;;;
manninglaughter;United States;;;;;
LetsGetSmitty;United States;;;;;
poisonivy7836;United States;;;;;
jennymarie;United States;;;;;
betsy2119;United States;;;;;
disconnectedots;United States;;;;;
wbdoak;United States;;;;;
isleoftheships;United States;;;;;
Apophenix;Mexico;;;;;
alvarto;China;;;;;
bobwalsh0410;United States;;;;;
chiOoka;Peru;;;;;
djej1;United States;;;;;
nbetweendays;Spain;;;;;
pabloflozano;Mexico;;;;;
lestumm;;;;;;
Tsadiq;France;;;;;
Kachoufuugetsu;Mexico;;;;;
MissBloom;Italy;;;;;
WonderMirror;Netherlands;;;;;
nallelyst;Mexico;;;;;
AveKaesar;Spain;;;;;
Ales_KoZoBoLiX;United Kingdom;;;;;
dolmanze;Mexico;;;;;
DrVertigo;Spain;;;;;
mariagts;Colombia;;;;;
zaynzaynzayn;United States;;;;;
ParanoidAndrade;Mexico;;;;;
micaredi;United States;;;;;
eltiempoquepasa;Mexico;;;;;
Eoipa;United States;;;;;
hzomayah;United States;;;;;
GusterG;Argentina;;;;;
chamolko;France;;;;;
christopherlowe;United Kingdom;;;;;
dogs_die;Spain;;;;;
lone_traveler;Turkey;;;;;
theozqar;Mexico;;;;;
sergiopergal;Mexico;;;;;
skibum1200;United States;;;;;
ivanneto;;;;;;
hernameiscalla;United Kingdom;;;;;
HallucigeniaUK;United Kingdom;;;;;
will_xP;Brazil;;;;;
Arcade-YoL;;;;;;
johnlrobbie6;Australia;;;;;
prettyrandomish;United States;;;;;
mandarinella;Turkey;;;;;
emi_killua;;;;;;
hadexo;United States;;;;;
Amylol;United Kingdom;;;;;
Serkster;Cook Islands;;;;;
Kentoshogun;Spain;;;;;
friki-ki;Mexico;;;;;
Candyda;Italy;;;;;
theotherjordan;United States;;;;;
matthewmonk;United Kingdom;;;;;
Guzm0;Finland;;;;;
IvanP91;Australia;;;;;
wallflower77;United States;;;;;
emarble17;United States;;;;;
davevr;Canada;;;;;
emalvick;United States;;;;;
chvrlotte;Canada;;;;;
rrispens;Netherlands;;;;;
jstella93;United States;;;;;
skeleandmole;El Salvador;;;;;
feel-worthless;United States;;;;;
robotdell;United States;;;;;
loisjpeg;United Kingdom;;;;;
Sean-Marry;;;;;;
Bwahyun;United States;;;;;
ssohardd;;;;;;
FunkmastaJambro;United States;;;;;
errolwest35;Canada;;;;;
JollySpaceman;United States;;;;;
rezber;Russian Federation;;;;;
Lizzzieryan;United States;;;;;
bedbugz;United States;;;;;
bevelrey;Canada;;;;;
richrmurphy;;;;;;
kungfulasers;Canada;;;;;
lxgrkn;United States;;;;;
BenLen10;United States;;;;;
ericsong05;;;;;;
schrock12;United States;;;;;
norco77;;;;;;
fwstringer;United Kingdom;;;;;
ABurns1946;;;;;;
FedoraLord;;;;;;
JayaSuryaTeja;India;;;;;
aterreno;United Kingdom;;;;;
tusharbeha;India;;;;;
justinstevens42;United States;;;;;
typo180;United States;;;;;
xocotl;Turkey;;;;;
anujsable;;;;;;
jeffthepony;United States;;;;;
of_toronto;Canada;;;;;
flamencosketch;United States;;;;;
Tommitron;Australia;;;;;
Mr-MojoRising;United Kingdom;;;;;
Nigel_Tufnel;United States;;;;;
pteck5;United States;;;;;
doucheexmachina;;;;;;
MagnusPaal;;;;;;
swu_hoo;;;;;;
djdonne;;;;;;
thedeadcow;United States;;;;;
jmoody95;Australia;;;;;
JaimesonHall;United States;;;;;
mantaqueen;Sweden;;;;;
viachicago33;;;;;;
SuchSwiftCons;United States;;;;;
Agallochy;Canada;;;;;
Rexoak;United Kingdom;;;;;
Skraeln;;;;;;
BoringPostcards;United States;;;;;
emmaplusmusic;Ireland;;;;;
mokadude1;United States;;;;;
unpunk;United States;;;;;
tarynisagangsta;United States;;;;;
TheModestYouth;United States;;;;;
Receiver;United States;;;;;
pvmnt;Korea, Republic of;;;;;
thebrayingmule;United Kingdom;;;;;
rohtah;;;;;;
Manipurra;Bosnia and Herzegovina;;;;;
apatheticexcuse;;;;;;
jinzou;Croatia;;;;;
Darmarho;Croatia;;;;;
daNNybl00dy;Germany;;;;;
imsandis;;;;;;
BryanKlepacki;United States;;;;;
cburja;Norway;;;;;
MarlaLestrange;Croatia;;;;;
niomas;Slovenia;;;;;
Cirquec;New Zealand;;;;;
juleswinnefield;;;;;;
CuoreSportivo45;Slovenia;;;;;
mriopls;Austria;;;;;
dinamedo;Croatia;;;;;
Mokush;Serbia;;;;;
Anna_Molly_;Croatia;;;;;
caddy_compson;Croatia;;;;;
jupiterbre;Serbia;;;;;
ashstashLSTfm;;;;;;
countspatula1;Croatia;;;;;
Awesome_Klara;Slovenia;;;;;
teknostatik;United Kingdom;;;;;
holo17;Slovenia;;;;;
DorianMusic;Croatia;;;;;
sakeofthesong;United States;;;;;
siyamz;Slovenia;;;;;
bobwalsh0410;United States;;;;;
GEBeckett;United States;;;;;
kaumudi;United States;;;;;
marno25;United States;;;;;
Aviator_admin;Ukraine;;;;;
wickedsalvation;United States;;;;;
tksama;United States;;;;;
anneville;Mexico;;;;;
ashleysender;Canada;;;;;
drewharlow8;;;;;;
ThisIsMonique;United States;;;;;
oXane_;Netherlands;;;;;
tunergrohl92;Mexico;;;;;
bobwalsh0410;United States;;;;;
JimmyJazzMan;United Kingdom;;;;;
hnthms;France;;;;;
gracellen;United States;;;;;
tiger-robin;Sweden;;;;;
Kyhamm18;United States;;;;;
maddiekateG;United States;;;;;
e-pic;United States;;;;;
ornamentsounds;United States;;;;;
creativeoutlaws;Australia;;;;;
SunOnMySide;Germany;;;;;
peculiar866;United States;;;;;
LipManBillYCave;;;;;;
stuartnewman;United Kingdom;;;;;
nulisticONE;United States;;;;;
vallievalium;United States;;;;;
doubledave22;United States;;;;;
shehearshe;United States;;;;;
Nordgeir;Norway;;;;;
richardj128;United States;;;;;
grabowskimike;United States;;;;;
minusthegoparty;United States;;;;;
HalfEbayAmazon;United States;;;;;
mintytrina;United States;;;;;
wumbus;United States;;;;;
caitelle;United States;;;;;
stephenhecht;United States;;;;;
crystahl;United States;;;;;
LOVEmaticc;United States;;;;;
kalipsonoin;United States;;;;;
ilovemusickk;United Kingdom;;;;;
behindthewindow;Canada;;;;;
aharm1177;United States;;;;;
urbnrobot;United States;;;;;
Roman12;United States;;;;;
GreySedition;;;;;;
kennedy72188;United States;;;;;
LoveDot;Canada;;;;;
pinkspade;Canada;;;;;
papayonsens;United States;;;;;
adammwilliam;United States;;;;;
gratenate101;;;;;;
drewish894;United States;;;;;
DCDireWolf;United States;;;;;
calebbb;United States;;;;;
Spikes729;United States;;;;;
Onecrazymxman;United States;;;;;
ewebs;;;;;;
sneakyalien;United States;;;;;
chriseuton;United States;;;;;
dohert;United States;;;;;
alik1986;United States;;;;;
few3;;;;;;
prinlm;Philippines;;;;;
jdhope;United States;;;;;
PU8L1C53RV1C3;United States;;;;;
Chadipoo;United States;;;;;
xj3txbl4ckx;United States;;;;;
ooohexxxplode;United States;;;;;
smith616;United States;;;;;
jakeyyy;United States;;;;;
jhahn;United States;;;;;
Grayson776;United States;;;;;
dcjoe92hp;United States;;;;;
satyagraaha;United States;;;;;
ddstep;United States;;;;;
Jeefrank;United States;;;;;
PRORYANAGE;United States;;;;;
jvandellen;United States;;;;;
Agent0016;United States;;;;;
archauthor;;;;;;
Gridface;Sao Tome and Principe;;;;;
pepsi24packs;United States;;;;;
djchroma;United States;;;;;
logbear416;;;;;;
Lunch1nProfessa;United States;;;;;
wendtjustin;United States;;;;;
samlaurey;United States;;;;;
katie326;United States;;;;;
milesforwin;United States;;;;;
Liiinear;United States;;;;;
The_Dankness;;;;;;
mzabatta;United States;;;;;
bobwalsh0410;United States;;;;;
danjam12;;;;;;
GregKoch;United States;;;;;
LemurJams;United States;;;;;
thmonline;Germany;;;;;
mahkus;United States;;;;;
juanbpy;Paraguay;;;;;
cavendishfixed;Mexico;;;;;
salamanda_uk;United Kingdom;;;;;
andrepyk;Belarus;;;;;
DavidFail;Mexico;;;;;
criss90;Mexico;;;;;
Strokarlos;Mexico;;;;;
echeagaray;Mexico;;;;;
alexis_pxndx12;Mexico;;;;;
hartoz;;;;;;
aleundercontrol;Mexico;;;;;
chapopo;Mexico;;;;;
joaopguima;Brazil;;;;;
ElevenSounds;Mexico;;;;;
ChrisCappello;United States;;;;;
Louder_radio;Mexico;;;;;
Liliannleon;Mexico;;;;;
Myrkur88;Mexico;;;;;
ratonpalom;Mexico;;;;;
cevillanue;Mexico;;;;;
StrangeUnusual;United Kingdom;;;;;
Isildur_;;;;;;
jamesdark;Mexico;;;;;
michaelliuzzi;United States;;;;;
LAMANG4;Colombia;;;;;
chamber_86;Mexico;;;;;
NiUz;Mexico;;;;;
EclipLeou;Mexico;;;;;
islandofheartz;United States;;;;;
friendlygirl88;United States;;;;;
IsacDaavid;;;;;;
mozie_mayer;United States;;;;;
setlistfm;;;;;;
Dpuky30;Mexico;;;;;
alan_01987;Mexico;;;;;
davilman;;;;;;
o0Mario0o;Mexico;;;;;
jmnixon95;;;;;;
gEEEERa;Mexico;;;;;
flouritaplanck;;;;;;
flyn_n;Mexico;;;;;
PepijnKoning;Netherlands;;;;;
NealShaw;United States;;;;;
ricaaardo;Tuvalu;;;;;
miss_stoneheart;Mexico;;;;;
Jamie_Marie_;Mexico;;;;;
safandrafa;Mexico;;;;;
JazzWhite;Mexico;;;;;
ArturoBoy;Mexico;;;;;
agatealderman;United States;;;;;
Bdtzau;United States;;;;;
Bird_In_Space;United States;;;;;
BallisticBuddha;United States;;;;;
inthewhispers;United States;;;;;
bobwalsh0410;United States;;;;;
Kaeonadai;;;;;;
randy_pants;United States;;;;;
nulisticONE;United States;;;;;
Twobit5309;United States;;;;;
frontman17;United States;;;;;
CowboyFunk;United States;;;;;
jcoopsj;United States;;;;;
Aseeda;;;;;;
chromekamera;United States;;;;;
wendytorrance;Sweden;;;;;
applexcoree;United States;;;;;
andwecandance;United States;;;;;
goto10;United States;;;;;
soggy_muff;;;;;;
sethhrr;United States;;;;;
fender1270;United States;;;;;
cenwaldo;United States;;;;;
emoh;United States;;;;;
danasaurus;;;;;;
Stevo2115;United States;;;;;
BasementTapes;United States;;;;;
utopiaparkway;United States;;;;;
lollypopeople;Brazil;;;;;
tronistroy;United States;;;;;
GirlFromSeven11;United States;;;;;
mahargrepooc13;United States;;;;;
seasickonlandr;United States;;;;;
CastedMc;United States;;;;;
paganpoetrie;;;;;;
BlueCadet-3;United States;;;;;
itsapinkmoon;;;;;;
karmarevolution;United States;;;;;
dancingsarah;United States;;;;;
tnghtnght1979;United States;;;;;
emilyslistening;;;;;;
favorave;United States;;;;;
LostandFound3;United States;;;;;
annndddyyy;United States;;;;;
__recycledair;United States;;;;;
no6surprises;United States;;;;;
bburk46;;;;;;
letsbolt;United States;;;;;
TayDiv;Brazil;;;;;
floaton1001;United States;;;;;
BruceMcD2020;United States;;;;;
jane_eyre07;United States;;;;;
DaleMurphy6;United States;;;;;
sleepyheadtM;Turkey;;;;;
TommyGunAngel;;;;;;
gaving;United Kingdom;;;;;
roswell78;United States;;;;;
JMLKAIGUN;United States;;;;;
ecorunner;United States;;;;;
Mivagaidea;Argentina;;;;;
MatthewJocelyn;United Kingdom;;;;;
mwachsman;United States;;;;;
WindUpBird203;United States;;;;;
MagicalWood;Italy;;;;;
sydneytorr;United States;;;;;
weirdontop;;;;;;
MarcusRimondini;Australia;;;;;
Teh_Zombie;United States;;;;;
InvalidSyntax;Antarctica;;;;;
NotSoAmbitious;Poland;;;;;
AndyOutbreak;United States;;;;;
simonvanderveen;United States;;;;;
robertacarolina;;;;;;
killingtheblues;United States;;;;;
Mar_gel;Venezuela;;;;;
Fytrinekast;Netherlands;;;;;
ruirui87;Italy;;;;;
FuckingOyster;Iceland;;;;;
neisharochelle;;;;;;
HippieLove4Ever;United States;;;;;
pigriser;United Kingdom;;;;;
zabriskie_joint;United States;;;;;
BrestFF75;Israel;;;;;
infinite_zero;United States;;;;;
hildurm;Iceland;;;;;
rocketdog7;United States;;;;;
LuUiiiZzO;United States;;;;;
alicecupcakes;United States;;;;;
ThommesHansen;Denmark;;;;;
athena_kay;Canada;;;;;
wtfpwnt;United States;;;;;
MAGT1976;Venezuela;;;;;
Aluminum-;Brazil;;;;;
MyFortuneFaded;United States;;;;;
tallynowens;United States;;;;;
ohsnapattack;;;;;;
japace89;United States;;;;;
PhoebeWD;United States;;;;;
goshhjordan;United States;;;;;
bobwalsh0410;United States;;;;;
vapordistilled;;;;;;
annalytical;;;;;;
euphoniac;United States;;;;;
biiiird;United States;;;;;
graceeelizabeth;;;;;;
elizabee1233;United States;;;;;
rabidmoose;United States;;;;;
shakngmyheadyes;United States;;;;;
wtfzorz;United States;;;;;
HeadOfRadio;;;;;;
frolicingbandit;;;;;;
gollygeeturnips;United States;;;;;
sillyyystring;United States;;;;;
lilsub38;;;;;;
fhclolo;United States;;;;;
TheFoXwilPOUNCE;Fiji;;;;;
DesVisages;Italy;;;;;
Maggio24;Italy;;;;;
Alexan182;Italy;;;;;
vroow;Netherlands;;;;;
Epatica;Japan;;;;;
trance_ending;Australia;;;;;
Era_Vulgaris;Italy;;;;;
ANLTfestival;Italy;;;;;
rrpjdisc;United States;;;;;
Stephendavola;Italy;;;;;
mazzomat;Italy;;;;;
fabbbbbbbbb;;;;;;
soulengine;;;;;;
k6morris;Italy;;;;;
Sound_in_Tilt;Italy;;;;;
DonnieRodriguez;Italy;;;;;
zooropeanily;United States;;;;;
eleinad;Italy;;;;;
Amicosam;United Kingdom;;;;;
Luca_Masud;Italy;;;;;
Nero_di_Notte;Italy;;;;;
SergioGhiglieri;Italy;;;;;
ki3w;Iceland;;;;;
boo99;Italy;;;;;
LindebergO;Sweden;;;;;
Agenak;Ireland;;;;;
Psycho_Rom;Italy;;;;;
Mattinchains;Italy;;;;;
alexpavlidis;Greece;;;;;
zemonsta00;Italy;;;;;
Shaythan;Switzerland;;;;;
Crowolo;Italy;;;;;
farmer_sea;Italy;;;;;
ShehanDL;Italy;;;;;
O2F;;;;;;
livere;Italy;;;;;
Devila5555;;;;;;
trickykid80;Italy;;;;;
lowfiband;Italy;;;;;
sovokupin;Aruba;;;;;
mklauful;Italy;;;;;
adayblog;Italy;;;;;
radiomaps;Italy;;;;;
rilbang;Indonesia;;;;;
bobwalsh0410;United States;;;;;
bobwalsh0410;United States;;;;;
JMoney0160;United States;;;;;
notoriouscas;United States;;;;;
Andyrooroo422x;United States;;;;;
EmmettNorthJr;United States;;;;;
Ahierro;Argentina;;;;;
cavalera11;Brazil;;;;;
ratunida;United States;;;;;
dalilaboechat;Brazil;;;;;
x3dwightschrute;United States;;;;;
MarcusRimondini;Australia;;;;;
Namasayufi;Indonesia;;;;;
patr820;;;;;;
bobwalsh0410;United States;;;;;
truth_or_adair;United States;;;;;
laguba09;Germany;;;;;
itstariq;United States;;;;;
ImSoIndieLook;;;;;;
roku_6;Japan;;;;;
Die_Verse;United States;;;;;
cannonsshoot;United States;;;;;
joezailaa;United States;;;;;
Nayan828;United States;;;;;
massibhoy;;;;;;
husky_rescuer;United States;;;;;
cityunseen;United States;;;;;
aroger;United States;;;;;
MRRUSTYCAGE;United States;;;;;
yoda_soda;United States;;;;;
ttsuede;;;;;;
epitomeofmandii;;;;;;
devoson;;;;;;
scottychunks;United States;;;;;
danubao;United States;;;;;
NervousAttack;United States;;;;;
SeanASoraghan;United Kingdom;;;;;
whenwescape;United States;;;;;
tommybytes;United States;;;;;
Sin_Gun_Chaser;United States;;;;;
fr1dayafternoon;United States;;;;;
rorro_wolf;Chile;;;;;
elektra-grrl;United Kingdom;;;;;
JoeyRamon;United States;;;;;
up71;Netherlands;;;;;
mikeownsyrface;;;;;;
magicpocket;United Kingdom;;;;;
bobwalsh0410;United States;;;;;
wildthingsmusic;United States;;;;;
Zatchhh;United States;;;;;
nachohoho;;;;;;
AnthonyBollato;United States;;;;;
laurahebert;;;;;;
partywithpizza;United States;;;;;
Uhhhphilip;;;;;;
gregorygregory;United States;;;;;
funcake;Italy;;;;;
kubeto1989;Denmark;;;;;
avan-gardas;Switzerland;;;;;
JoJo_Bah;Croatia;;;;;
CDTK;;;;;;
Cesare__Borgia;Ukraine;;;;;
CarolQz;Brazil;;;;;
fm4inlove;Austria;;;;;
definetleymaybe;United Kingdom;;;;;
Wedgeyboy;United Kingdom;;;;;
carolinadiogo;Portugal;;;;;
mariduff;Brazil;;;;;
dougster63;United Kingdom;;;;;
STEEZE101;;;;;;
FaberCut;Netherlands;;;;;
LeTric;France;;;;;
androginiest;Indonesia;;;;;
chuddchutney;;;;;;
DennysB;Switzerland;;;;;
uestla;Czech Republic;;;;;
YeahYeahYas;Brazil;;;;;
murjanb;;;;;;
melis09;Turkey;;;;;
jonionnn;Indonesia;;;;;
CleverBzz;United Kingdom;;;;;
pollyssoulm8;United Kingdom;;;;;
jess_white;Brazil;;;;;
schrubbili;Germany;;;;;
Thaiauxn;United States;;;;;
Makaveli_Jr;Ukraine;;;;;
oh_sweet_nausea;United States;;;;;
tom_killer;Brazil;;;;;
Beea-;Brazil;;;;;
Thatironicsmile;United States;;;;;
M-e-r-r-i-c-k;United States;;;;;
dentures-fairy;Australia;;;;;
mmmmlowell;United States;;;;;
felikspopelix;;;;;;
Exalted;United States;;;;;
Grekki;Poland;;;;;
glenn_hwj;United Kingdom;;;;;
abelpv;Colombia;;;;;
James-Kond;Netherlands;;;;;
bobwalsh0410;United States;;;;;
that70smilkman;United Kingdom;;;;;
Andmusfan603;Colombia;;;;;
prinzjellyfish;Switzerland;;;;;
seejaydeja;United States;;;;;
omnispacer;Oman;;;;;
aylamrt;Lebanon;;;;;
Pinkerton-;;;;;;
LenonChaves;Brazil;;;;;
toufiquekhan;Bangladesh;;;;;
Monte-Carlo47;;;;;;
Da_Real_Deal;United States;;;;;
SextonBlake;Canada;;;;;
bobwalsh0410;United States;;;;;
Indie-Addy;Canada;;;;;
The_Crank_Heart;Turkey;;;;;
WAdrian;Germany;;;;;
shaneleahy;Ireland;;;;;
pelaoviel;Chile;;;;;
vinesh17;United States;;;;;
jasonplusone;United Kingdom;;;;;
leonardnemeth;Germany;;;;;
JBiiJB;United States;;;;;
Teffasus;United States;;;;;
musiclovebomb;United States;;;;;
harshbilbic;United States;;;;;
markeid;Lebanon;;;;;
dohertykeith;Australia;;;;;
KillerElDiablo;United States;;;;;
robot_boy71;Canada;;;;;
rkellyphoto;United Kingdom;;;;;
kat_t;Mexico;;;;;
MarcusRimondini;Australia;;;;;
LAMPDANIEL;Italy;;;;;
megatrondon3030;United States;;;;;
bandinHeaven;United States;;;;;
rbzk_elektronik;Russian Federation;;;;;
Sourroc;United States;;;;;
optimisticsails;United States;;;;;
Lovetruly;Germany;;;;;
mechah;United States;;;;;
georgejorgejobg;;;;;;
Slim819;France;;;;;
ironarmatom;Canada;;;;;
Alexan182;Italy;;;;;
Japalla;United States;;;;;
misterpardo;United States;;;;;
tbaum80;;;;;;
HighSkyRider;United States;;;;;
bobwalsh0410;United States;;;;;
carassoftheodd;United States;;;;;
fantasia27;United States;;;;;
MusicXray;United States;;;;;
nukko;United States;;;;;
chrisflew;United Kingdom;;;;;
upsohigh;United States;;;;;
mcspargeslarg;United States;;;;;
blackgoldblues;United States;;;;;
AdrienneIsACat;;;;;;
RevoMusic;;;;;;
Barrakuda;United States;;;;;
Chesterthethird;United States;;;;;
iamarockstar;United States;;;;;
savy1288;United States;;;;;
Pickerel;United States;;;;;
efilnikufesin;United States;;;;;
imeim;Spain;;;;;
Moronitas;;;;;;
Mighty84;Germany;;;;;
lexlinds;;;;;;
Sanguine9991;United States;;;;;
MaleBombig;Argentina;;;;;
schizo-phrenia;Russian Federation;;;;;
CoeurOpale;Canada;;;;;
tap_dance;Japan;;;;;
bird7km;Japan;;;;;
Nancyspungen;Turkey;;;;;
Jose_Garcia_;United States;;;;;
idontwannago;Canada;;;;;
giovani2409;;;;;;
PenisMcKenzie;United States;;;;;
mdemaldito;;;;;;
tegetcrvena;;;;;;
geordielee;United Kingdom;;;;;
BStona;;;;;;
Mishkaaa;France;;;;;
SaveSatan;Poland;;;;;
raissaquintao;Brazil;;;;;
BioMelody;United States;;;;;
Bolika;Mexico;;;;;
Heliotropos;;;;;;
sksbrittany;United States;;;;;
superinn;;;;;;
shiznitphantom;Philippines;;;;;
rianapple;Indonesia;;;;;
azreenarmani;Malaysia;;;;;
RuthLoose88;United States;;;;;
biubiuliuliu;Malaysia;;;;;
RABLEM;Venezuela;;;;;
babebluez;Brazil;;;;;
aoxl;Indonesia;;;;;
freepoink;;;;;;
baltoria;Australia;;;;;
Mrs_Scofield;Spain;;;;;
eaststroudsburg;;;;;;
GiorginaJoe;Italy;;;;;
TheLionzHeart1;United States;;;;;
Luisaaak;;;;;;
nomnomcasey;Netherlands;;;;;
Misty-Marie;;;;;;
kincaidj;;;;;;
bobwalsh0410;United States;;;;;
micheleeeex;;;;;;
dousethelights1;;;;;;
bobwalsh0410;United States;;;;;
lukeOB;United States;;;;;
NEMoran;United States;;;;;
JamieLeee;;;;;;
slicknog;United States;;;;;
ajrl;United States;;;;;
PhilBronch;United States;;;;;
spaceytracy;United States;;;;;
generalj127;;;;;;
sandeeeee;United States;;;;;
crashfriday;United States;;;;;
GrumpyFrog;United States;;;;;
sophsophsoph;;;;;;
dunlap;United States;;;;;
blackzaker;United States;;;;;
xxnopiratesxx;United States;;;;;
DooKutangclan;United States;;;;;
SometimesJacks;United States;;;;;
MilitiaV;United States;;;;;
lalalauren08;United States;;;;;
kismetdaisy;United States;;;;;
Jennyfer89;United Kingdom;;;;;
greenmonkey911;United States;;;;;
bobwalsh0410;United States;;;;;
rpavlenco;United States;;;;;
tj311;United States;;;;;
radicalruby182;;;;;;
J3ss1ca1;;;;;;
tangerine-three;United States;;;;;
purpleHaze3;United States;;;;;
ohno_Letha;United States;;;;;
raditsracquel;United States;;;;;
Princessa_piter;Russian Federation;;;;;
prollyclaire;United States;;;;;
lolomossi;United States;;;;;
Izzyrocks2000;United States;;;;;
chaser324;United States;;;;;
laurzy1;United States;;;;;
laurenkirk;;;;;;
tc11collins;United States;;;;;
mhetrick04;United States;;;;;
bobwalsh0410;United States;;;;;
sd727;United States;;;;;
bobwalsh0410;United States;;;;;
mhetrick04;United States;;;;;
johnnycool2002;United States;;;;;
sd727;United States;;;;;
bobwalsh0410;United States;;;;;
peajayjohnson;United States;;;;;
babysquidinajar;Netherlands;;;;;
jaggy0;United States;;;;;
shley00;United States;;;;;
goldenmonkey1;United States;;;;;
kamera26;United States;;;;;
tc11collins;United States;;;;;
linus13;United States;;;;;
hlutkefilms;United States;;;;;
blondiegirl1012;United States;;;;;
ToBeYoung;United States;;;;;
bbarton82;United States;;;;;
TheDarbster;United States;;;;;
zendave;;;;;;
idiotkidjoey;;;;;;
suicidekills;United States;;;;;
haikuwarriors41;;;;;;
masefsg1;United States;;;;;
detunedradi0;;;;;;
cgbishop;;;;;;
heyleroy;United States;;;;;
jellybellyz;United States;;;;;
MGSRevolver;United States;;;;;
abarhamand;United States;;;;;
llamabones;;;;;;
_Hutch_;United States;;;;;
cbsauder;United States;;;;;
PatTHEpat;United States;;;;;
prozach1576;United States;;;;;
Beetlebumbill;United States;;;;;
Keef Richards;United States;;;;;
foxymophandle;Canada;;;;;
mrjackalope;United States;;;;;
funkingkyle;United States;;;;;
chase76180;United States;;;;;
dansam;;;;;;
reverseswim;United States;;;;;
tYhJyYsRuLeS;Germany;;;;;
FabiusGallus;;;;;;
barbett;Germany;;;;;
TheFudge;Germany;;;;;
TerokTurekson;Germany;;;;;
lord_grausam;Germany;;;;;
TerokTurekson;Germany;;;;;
barbett;Germany;;;;;
lord_grausam;Germany;;;;;
Kargrim;;;;;;
tYhJyYsRuLeS;Germany;;;;;
Rabenmeister;Germany;;;;;
Kargrim;;;;;;
Honigblumnpferd;Germany;;;;;
KampfKaetzchen;Germany;;;;;
TerokTurekson;Germany;;;;;
FabiusGallus;;;;;;
TheFudge;Germany;;;;;
barbett;Germany;;;;;
tYhJyYsRuLeS;Germany;;;;;
mashimashi;;;;;;
Sohvi;Russian Federation;;;;;
cansaladero;;;;;;
eu_virtual;Portugal;;;;;
zephyrouss;Turkey;;;;;
brencrazed;United States;;;;;
thedimsumkid;;;;;;
sellywelly;United States;;;;;
hippocampe1;France;;;;;
sstorjussen;;;;;;
abcbcaa;;;;;;
funkbuero;Germany;;;;;
kersent;Russian Federation;;;;;
llobke;Belgium;;;;;
jesus_sanchez_r;Mexico;;;;;
boodoomezzonta;;;;;;
enrichettas;;;;;;
SpenceC0913;United States;;;;;
x3nophon;India;;;;;
Grin41;Ukraine;;;;;
diacrisan;Romania;;;;;
13thark;;;;;;
Sagan_G;;;;;;
RockinChair2006;Japan;;;;;
3J3CT4;United Kingdom;;;;;
pyromanes;Canada;;;;;
ziezior;Poland;;;;;
obuzus;Romania;;;;;
thejamesgill;;;;;;
Chunk-Blower;Australia;;;;;
kikivague;;;;;;
sangrehirviendo;Mexico;;;;;
merglis;Latvia;;;;;
el_dia;Fiji;;;;;
JEZEBEL23;United States;;;;;
jamesheimberger;United States;;;;;
Vidal_K;United Kingdom;;;;;
Tata-Jooma;Finland;;;;;
pistolgrippumps;;;;;;
mabukn;;;;;;
PsYcHoLaiN;Spain;;;;;
shiwasu;Australia;;;;;
jellyisforever;China;;;;;
Discordianist;Finland;;;;;
victorn18;Brazil;;;;;
danitza;United States;;;;;
Technologen;Sweden;;;;;